id,label
AAACCTGAGATCCTGT-1,1
AAACCTGAGGATGTAT-1,1
AAACCTGCAGAGCCAA-1,1
AAACCTGCAGCGTCCA-1,1
AAACCTGGTACCTACA-1,1
AAACCTGGTGTATGGG-1,1
AAACCTGGTTATGTGC-1,1
AAACGGGAGACAATAC-1,1
AAACGGGCAAAGAATC-1,1
AAACGGGCAAGGCTCC-1,0
AAACGGGGTAAATACG-1,0
AAACGGGGTCTAGCCG-1,0
AAACGGGGTTAGGGTG-1,1
AAACGGGTCATGCTCC-1,1
AAAGATGAGGTAAACT-1,1
AAAGATGCACCCATTC-1,1
AAAGATGCAGTAAGCG-1,1
AAAGATGCATCGATTG-1,0
AAAGATGCATTGGTAC-1,1
AAAGATGGTGCAGTAG-1,0
AAAGATGTCACAACGT-1,1
AAAGATGTCACTTCAT-1,1
AAAGCAAAGACTCGGA-1,1
AAAGCAAAGCCACGCT-1,1
AAAGCAAAGGTAGCCA-1,0
AAAGCAACAGACAAGC-1,1
AAAGCAACATGTTGAC-1,1
AAAGCAAGTCATGCCG-1,1
AAAGCAATCATTGCCC-1,0
AAAGCAATCCCTCTTT-1,1
AAAGCAATCCGTAGTA-1,1
AAAGCAATCGCCTGTT-1,1
AAAGCAATCTGCTGTC-1,1
AAAGTAGCACCTATCC-1,1
AAAGTAGCAGACGCTC-1,1
AAAGTAGGTAAGGGCT-1,1
AAAGTAGGTAATAGCA-1,1
AAAGTAGGTCTGCCAG-1,0
AAAGTAGGTTAGGGTG-1,1
AAAGTAGGTTCCTCCA-1,1
AAAGTAGTCGTCCAGG-1,1
AAATGCCGTAGGGTAC-1,1
AAATGCCTCATTGCCC-1,1
AACACGTAGCTCAACT-1,1
AACACGTCAAGAAAGG-1,1
AACACGTCAAGACGTG-1,1
AACACGTCAATCCAAC-1,1
AACACGTCACGAGGTA-1,0
AACACGTCAGGTTTCA-1,1
AACACGTCATATACGC-1,1
AACACGTGTTAGTGGG-1,1
AACACGTGTTCCGTCT-1,1
AACACGTTCCTCGCAT-1,1
AACACGTTCGGATGGA-1,0
AACACGTTCTCCAACC-1,1
AACCATGAGAACTGTA-1,1
AACCATGAGGGCTTGA-1,1
AACCATGCACTGTGTA-1,1
AACCATGGTAGCTGCC-1,1
AACCATGGTGATAAGT-1,1
AACCATGGTTCCACGG-1,1
AACCATGTCACTATTC-1,1
AACCATGTCGCAAACT-1,1
AACCATGTCTGTGCAA-1,1
AACCGCGGTCATCGGC-1,1
AACCGCGGTCGCCATG-1,1
AACCGCGTCGGTCCGA-1,1
AACGTTGCAACACCTA-1,1
AACGTTGCACAGGTTT-1,1
AACGTTGCATGCCCGA-1,0
AACGTTGGTAGAGTGC-1,1
AACGTTGGTAGCGCTC-1,1
AACGTTGGTCTAAAGA-1,1
AACGTTGGTGATGCCC-1,1
AACGTTGTCAAGGTAA-1,1
AACGTTGTCACCATAG-1,0
AACGTTGTCTGCCCTA-1,1
AACGTTGTCTTGACGA-1,0
AACTCAGAGTAAGTAC-1,0
AACTCAGGTATCTGCA-1,1
AACTCAGGTCAAGCGA-1,1
AACTCAGTCCGTTGCT-1,0
AACTCCCAGATGTGGC-1,1
AACTCCCAGCTAACTC-1,0
AACTCCCAGTCGTACT-1,1
AACTCCCCAGTATCTG-1,1
AACTCCCCATTAGGCT-1,0
AACTCCCGTCTTCGTC-1,1
AACTCTTAGAGGTAGA-1,1
AACTCTTAGTCGATAA-1,0
AACTCTTAGTCGCCGT-1,0
AACTCTTCAAACCTAC-1,1
AACTCTTCAAGCTGTT-1,1
AACTCTTGTACCAGTT-1,1
AACTCTTGTCACCTAA-1,0
AACTCTTTCATCGATG-1,1
AACTCTTTCCACTGGG-1,1
AACTGGTAGTGGTAGC-1,1
AACTGGTCAAGTCTAC-1,1
AACTGGTCAATGTAAG-1,1
AACTGGTCATCTACGA-1,1
AACTGGTGTCTAGGTT-1,1
AACTGGTGTCTGGAGA-1,1
AACTGGTGTGATGATA-1,1
AACTGGTGTGCCTTGG-1,0
AACTGGTTCGGAGGTA-1,1
AACTTTCAGACTGGGT-1,1
AACTTTCCAAGTCTAC-1,1
AACTTTCCACAAGACG-1,1
AACTTTCCACACTGCG-1,1
AACTTTCCAGCCTATA-1,1
AACTTTCCAGCTGTAT-1,0
AACTTTCCATAGAAAC-1,0
AACTTTCCATTCTCAT-1,0
AACTTTCGTCAGGACA-1,1
AACTTTCGTTCCACAA-1,1
AACTTTCTCGTCTGCT-1,0
AAGACCTAGCCACTAT-1,1
AAGACCTAGCTTATCG-1,1
AAGACCTCAGCTATTG-1,1
AAGACCTGTCTAGCCG-1,1
AAGCCGCAGTATGACA-1,1
AAGCCGCCAAAGCAAT-1,1
AAGCCGCCAGGAATGC-1,1
AAGCCGCCATTCCTCG-1,1
AAGCCGCGTCAATACC-1,1
AAGCCGCGTTAGAACA-1,1
AAGCCGCTCGGACAAG-1,1
AAGGAGCCACGCTTTC-1,1
AAGGAGCGTCAATGTC-1,0
AAGGAGCGTCTCAACA-1,1
AAGGAGCTCCGCGTTT-1,0
AAGGAGCTCGTCTGAA-1,1
AAGGAGCTCTCAAGTG-1,1
AAGGCAGAGCAATATG-1,0
AAGGCAGAGCCAGAAC-1,1
AAGGCAGAGCGATTCT-1,1
AAGGCAGCATTCGACA-1,1
AAGGCAGGTCAAACTC-1,0
AAGGCAGGTGGGTCAA-1,1
AAGGCAGGTTATTCTC-1,1
AAGGTTCAGTTTAGGA-1,1
AAGGTTCCACAACTGT-1,0
AAGGTTCGTCGTGGCT-1,1
AAGTCTGAGAGGGATA-1,0
AAGTCTGAGTGCGATG-1,1
AAGTCTGCACCAGATT-1,1
AAGTCTGCATCACAAC-1,1
AAGTCTGGTCGCATAT-1,1
AAGTCTGGTGTGGCTC-1,1
AAGTCTGTCAGGCAAG-1,1
AAGTCTGTCAGGTTCA-1,1
AATCCAGAGACAAGCC-1,0
AATCCAGAGCCAGAAC-1,1
AATCCAGGTTCAACCA-1,1
AATCCAGTCTCTAGGA-1,1
AATCGGTAGGGATGGG-1,1
AATCGGTCACACATGT-1,1
AATCGGTCACTGTTAG-1,1
AATCGGTTCCCTGACT-1,1
AATCGGTTCCGTACAA-1,1
ACACCAAAGGCGCTCT-1,1
ACACCAAAGTGACATA-1,1
ACACCAACAAATTGCC-1,0
ACACCAACACAGGAGT-1,1
ACACCAACATAGTAAG-1,1
ACACCAAGTAAGGGCT-1,1
ACACCAAGTTAGATGA-1,1
ACACCAATCATTATCC-1,1
ACACCCTAGACCGGAT-1,1
ACACCCTCAGCATGAG-1,1
ACACCCTGTCGCTTCT-1,1
ACACCCTTCAAGGTAA-1,0
ACACCCTTCAGAGGTG-1,1
ACACCCTTCAGGCAAG-1,1
ACACCCTTCTTAGAGC-1,1
ACACCGGAGAGGTTGC-1,1
ACACCGGGTATAGTAG-1,1
ACACCGGGTTACCAGT-1,0
ACACCGGGTTGCGTTA-1,0
ACACCGGGTTTCGCTC-1,1
ACACCGGTCAACCAAC-1,1
ACACTGAAGCAATATG-1,1
ACACTGAAGCGTTTAC-1,0
ACACTGAAGGGTCGAT-1,1
ACACTGACATGTCCTC-1,1
ACACTGAGTCAAAGAT-1,1
ACACTGAGTGTGCGTC-1,1
ACACTGATCAGCGATT-1,1
ACAGCCGAGCTCCTCT-1,1
ACAGCCGAGGGAACGG-1,1
ACAGCCGAGTACTTGC-1,1
ACAGCCGCAATAACGA-1,1
ACAGCCGCATGAACCT-1,1
ACAGCCGCATGCCCGA-1,0
ACAGCCGGTCTAGGTT-1,0
ACAGCCGGTGTGCCTG-1,1
ACAGCCGGTTCCACGG-1,0
ACAGCCGGTTCCATGA-1,0
ACAGCCGTCCTCAACC-1,1
ACAGCTAAGAAGGGTA-1,1
ACAGCTACATGGATGG-1,1
ACAGCTAGTATAGGTA-1,1
ACAGCTAGTCTCAACA-1,1
ACAGCTAGTCTCTTTA-1,0
ACAGCTAGTTCGGGCT-1,1
ACAGCTATCACTTATC-1,1
ACAGCTATCCCTTGTG-1,0
ACAGCTATCCTCATTA-1,0
ACAGCTATCCTTTCGG-1,0
ACAGCTATCGTTTGCC-1,0
ACATACGAGCCGCCTA-1,1
ACATACGAGGCTCAGA-1,1
ACATACGCATGGGAAC-1,1
ACATACGCATTGGTAC-1,1
ACATACGTCGTATCAG-1,1
ACATCAGAGGAGTTTA-1,0
ACATCAGAGTGGTAAT-1,1
ACATCAGGTCATTAGC-1,1
ACATCAGGTGATGATA-1,1
ACATCAGTCCCTCAGT-1,1
ACATCAGTCGGTGTCG-1,1
ACATCAGTCTCCTATA-1,1
ACATCAGTCTTCTGGC-1,1
ACATGGTAGTGATCGG-1,1
ACATGGTAGTTTCCTT-1,1
ACATGGTCACAACGCC-1,0
ACATGGTCACTAGTAC-1,1
ACATGGTGTCTAGAGG-1,0
ACATGGTTCAGTGCAT-1,0
ACATGGTTCTCTGCTG-1,1
ACCAGTAAGGAGTCTG-1,1
ACCAGTAAGTAATCCC-1,0
ACCAGTACAGTATCTG-1,1
ACCCACTAGACTTTCG-1,1
ACCCACTAGAGACTTA-1,1
ACCCACTAGCTGAAAT-1,1
ACCCACTAGGGAACGG-1,1
ACCCACTAGTTGAGAT-1,0
ACCCACTGTCTGCCAG-1,1
ACCCACTTCGCGCCAA-1,1
ACCCACTTCGGTGTCG-1,1
ACCGTAAAGGATATAC-1,1
ACCGTAAAGGCTAGAC-1,0
ACCGTAAAGTGTTGAA-1,1
ACCGTAACAAACCCAT-1,1
ACCGTAACACTGCCAG-1,0
ACCGTAAGTAGCGCTC-1,0
ACCGTAAGTCGAATCT-1,1
ACCGTAAGTGTGGCTC-1,0
ACCGTAATCATCTGCC-1,1
ACCTTTAAGTCGTACT-1,1
ACCTTTACAGTCACTA-1,1
ACCTTTAGTCGCGGTT-1,0
ACCTTTAGTCGTTGTA-1,0
ACGAGCCAGATGTGTA-1,1
ACGAGCCAGCGTTGCC-1,1
ACGAGCCCAACTGCGC-1,1
ACGAGCCCATGTTGAC-1,1
ACGAGCCGTGGTTTCA-1,1
ACGAGGAAGCGAGAAA-1,1
ACGAGGACAACTGCGC-1,1
ACGAGGACACCAGATT-1,1
ACGAGGACACGGCCAT-1,1
ACGAGGACAGCGTCCA-1,1
ACGAGGAGTCTAACGT-1,0
ACGAGGAGTTCCACTC-1,0
ACGAGGATCGGCCGAT-1,1
ACGAGGATCGTCGTTC-1,0
ACGAGGATCTACCAGA-1,0
ACGAGGATCTCAAACG-1,1
ACGATACCAAGGCTCC-1,1
ACGATACGTAGAGGAA-1,1
ACGATACGTAGCAAAT-1,1
ACGATACGTTAAGATG-1,1
ACGATGTAGAGGTTGC-1,1
ACGATGTAGTGTCCAT-1,1
ACGATGTCAAGAAGAG-1,0
ACGATGTCAGGAACGT-1,1
ACGATGTCAGTGGGAT-1,0
ACGATGTCATACTACG-1,1
ACGATGTGTACTCTCC-1,1
ACGATGTGTGCCTGTG-1,1
ACGATGTGTTAAAGAC-1,0
ACGATGTTCTGCGACG-1,1
ACGCAGCTCATTTGGG-1,0
ACGCCAGAGGACACCA-1,1
ACGCCAGCAACTGCTA-1,1
ACGCCAGCAAGGTTCT-1,1
ACGCCAGCAAGTCTAC-1,1
ACGCCAGCATGGGAAC-1,0
ACGCCAGGTTGGTAAA-1,1
ACGCCGAAGACGCACA-1,1
ACGCCGAAGCTGCAAG-1,1
ACGCCGATCACAGTAC-1,0
ACGCCGATCGCCATAA-1,1
ACGGAGAAGATAGGAG-1,1
ACGGAGACAGTTTACG-1,0
ACGGAGACATTACGAC-1,0
ACGGAGAGTGTGGCTC-1,1
ACGGAGATCTCTGCTG-1,1
ACGGCCACATGGTCTA-1,1
ACGGCCATCAGTGCAT-1,1
ACGGCCATCCTTCAAT-1,1
ACGGCCATCGAATGGG-1,1
ACGGCCATCTGCTGTC-1,0
ACGGGCTAGGGTCTCC-1,1
ACGGGCTAGGGTTTCT-1,1
ACGGGCTAGTCATGCT-1,0
ACGGGCTGTCAAACTC-1,1
ACGGGCTGTGAAAGAG-1,1
ACGGGCTTCAGTGTTG-1,1
ACGGGTCAGACGCACA-1,1
ACGGGTCAGGCTATCT-1,1
ACGGGTCTCGATGAGG-1,1
ACGTCAAAGAGCTTCT-1,1
ACGTCAAAGGTGATTA-1,1
ACGTCAAAGGTGCACA-1,1
ACGTCAACAACTGCGC-1,1
ACGTCAACAGCGATCC-1,1
ACGTCAATCAACGAAA-1,1
ACGTCAATCATCGATG-1,1
ACGTCAATCGTTACAG-1,1
ACGTCAATCTTTACAC-1,1
ACTATCTAGACAATAC-1,1
ACTATCTAGTAACCCT-1,1
ACTATCTAGTCATCCA-1,1
ACTATCTGTAGGACAC-1,0
ACTATCTTCTGCCCTA-1,1
ACTGAACAGGATATAC-1,1
ACTGAACCAATGAATG-1,1
ACTGAACCAGCATACT-1,1
ACTGAACCAGGATTGG-1,0
ACTGAACTCCCTCAGT-1,1
ACTGAACTCGTGGACC-1,0
ACTGAGTAGCTGCCCA-1,1
ACTGAGTAGGATTCGG-1,1
ACTGAGTAGTGCTGCC-1,1
ACTGAGTCAAAGCAAT-1,0
ACTGAGTCAAGCCTAT-1,1
ACTGAGTCATTCACTT-1,1
ACTGAGTGTCATGCAT-1,1
ACTGAGTGTTTGACTG-1,1
ACTGAGTTCAAACGGG-1,0
ACTGAGTTCCGCAGTG-1,1
ACTGAGTTCTTCATGT-1,1
ACTGAGTTCTTTAGGG-1,1
ACTGATGAGCGCCTCA-1,1
ACTGATGAGTGTACCT-1,1
ACTGATGAGTGTTTGC-1,1
ACTGATGCACCCATGG-1,1
ACTGATGGTCTCCACT-1,1
ACTGATGTCGTCCGTT-1,1
ACTGCTCAGACCGGAT-1,1
ACTGCTCAGGCCATAG-1,1
ACTGCTCAGGGATACC-1,1
ACTGCTCAGTTCGCAT-1,1
ACTGCTCTCATCGATG-1,0
ACTGCTCTCTCATTCA-1,1
ACTGTCCAGGCACATG-1,1
ACTGTCCCAGCTGGCT-1,1
ACTGTCCGTCCATGAT-1,1
ACTGTCCGTGGTCTCG-1,0
ACTGTCCTCACTCTTA-1,1
ACTGTCCTCCCTCTTT-1,1
ACTTACTAGCCGTCGT-1,1
ACTTACTAGGAGTTGC-1,1
ACTTACTAGGTGTTAA-1,1
ACTTACTTCAGCTCGG-1,1
ACTTGTTAGAACTCGG-1,0
ACTTGTTAGAGGGCTT-1,1
ACTTGTTAGCTTATCG-1,1
ACTTGTTAGGCATGTG-1,1
ACTTGTTCACGCCAGT-1,0
ACTTGTTCACTGTCGG-1,1
ACTTGTTCAGGGATTG-1,0
ACTTGTTCATGCTGGC-1,1
ACTTTCAAGCCTCGTG-1,1
ACTTTCAAGCGTGAAC-1,0
ACTTTCAAGGAGCGTT-1,1
ACTTTCAAGTCGTACT-1,0
ACTTTCACACGAGGTA-1,1
ACTTTCAGTGATGTGG-1,1
ACTTTCAGTGGCAAAC-1,1
ACTTTCAGTGGTCCGT-1,1
ACTTTCAGTTGGTAAA-1,1
AGAATAGAGATGAGAG-1,0
AGAATAGAGCGCCTCA-1,1
AGAATAGGTAAGGATT-1,0
AGAATAGGTCAAAGCG-1,1
AGAATAGGTCTAGTCA-1,1
AGAATAGGTGGTAACG-1,0
AGAATAGTCCCTAACC-1,1
AGACGTTAGTACCGGA-1,1
AGACGTTCAGGCGATA-1,1
AGACGTTGTACAGACG-1,0
AGACGTTTCTCTGAGA-1,1
AGAGCGAAGGCTCAGA-1,1
AGAGCGACAGTGGAGT-1,1
AGAGCGACATTGGCGC-1,1
AGAGCGAGTAGGGTAC-1,1
AGAGCGAGTCTACCTC-1,1
AGAGCGAGTCTCCACT-1,1
AGAGCGAGTGCACGAA-1,1
AGAGCGATCATAACCG-1,1
AGAGCTTAGCGATAGC-1,1
AGAGCTTCACCGGAAA-1,1
AGAGCTTCACGGTGTC-1,1
AGAGCTTCACGTCAGC-1,1
AGAGCTTGTAGCTAAA-1,1
AGAGCTTGTCAAGCGA-1,1
AGAGCTTTCAGTTCGA-1,1
AGAGCTTTCGCAAGCC-1,1
AGAGTGGAGATACACA-1,1
AGAGTGGAGGGAACGG-1,1
AGAGTGGAGTGGAGAA-1,1
AGAGTGGCATCAGTAC-1,1
AGAGTGGGTATAGTAG-1,1
AGAGTGGGTCCAGTGC-1,1
AGAGTGGTCCAACCAA-1,1
AGAGTGGTCTGATTCT-1,1
AGATCTGCACGGTAAG-1,1
AGATCTGGTAAGTTCC-1,1
AGATCTGGTATTAGCC-1,1
AGATCTGGTCGACTGC-1,1
AGATTGCAGAAGATTC-1,0
AGATTGCAGGTGCTAG-1,1
AGATTGCAGTCAAGGC-1,1
AGATTGCCAGGATCGA-1,1
AGATTGCTCTGGCGAC-1,1
AGCAGCCAGGATGGTC-1,1
AGCAGCCCAATAGCGG-1,0
AGCAGCCCACCATCCT-1,0
AGCAGCCCAGTTTACG-1,1
AGCAGCCCATGTAAGA-1,1
AGCAGCCCATTACGAC-1,1
AGCAGCCGTCGGGTCT-1,1
AGCAGCCGTCTTGTCC-1,1
AGCAGCCGTGTAACGG-1,1
AGCAGCCGTTCATGGT-1,0
AGCAGCCTCATCGATG-1,1
AGCAGCCTCCGTCATC-1,1
AGCAGCCTCCGTTGCT-1,1
AGCATACAGCAGCGTA-1,0
AGCATACCAATGGACG-1,1
AGCATACCATTAGCCA-1,0
AGCATACGTAGGCTGA-1,1
AGCATACTCGGCGGTT-1,1
AGCATACTCGTTACGA-1,1
AGCCTAAAGAGCTGGT-1,1
AGCCTAAAGGAGCGTT-1,0
AGCCTAAAGTCGATAA-1,1
AGCCTAAAGTGCGTGA-1,1
AGCCTAACACGCCAGT-1,1
AGCCTAACACGGACAA-1,1
AGCCTAACACGGTTTA-1,1
AGCCTAACAGGTCCAC-1,1
AGCCTAATCCCAGGTG-1,0
AGCGGTCTCGAATCCA-1,0
AGCGTATAGTAGATGT-1,1
AGCGTATAGTGAATTG-1,1
AGCGTATCATCATCCC-1,1
AGCGTATGTACTCTCC-1,1
AGCGTATGTATAAACG-1,1
AGCGTATGTCCAGTGC-1,1
AGCGTATGTCCGCTGA-1,0
AGCGTATGTTCCGGCA-1,1
AGCGTATTCGTTTGCC-1,1
AGCGTCGCACAAGACG-1,1
AGCGTCGCAGATTGCT-1,1
AGCGTCGGTCAGAATA-1,1
AGCGTCGGTCGCGTGT-1,1
AGCGTCGTCAGGCGAA-1,1
AGCGTCGTCTGAGGGA-1,1
AGCTCCTAGACGCAAC-1,1
AGCTCCTAGTGGTCCC-1,1
AGCTCCTCACACCGCA-1,1
AGCTCCTGTAAGTGGC-1,0
AGCTCCTTCCGTAGGC-1,0
AGCTCTCAGAGCTTCT-1,0
AGCTCTCAGGCTAGAC-1,0
AGCTCTCCACCTCGTT-1,0
AGCTCTCCAGCAGTTT-1,1
AGCTCTCGTAAGGGCT-1,1
AGCTCTCGTCTCTTTA-1,1
AGCTCTCGTCTTGCGG-1,0
AGCTCTCTCAAACAAG-1,0
AGCTTGAAGCCCAGCT-1,1
AGCTTGAAGGCGATAC-1,1
AGCTTGAAGTAACCCT-1,0
AGCTTGACAATCTGCA-1,0
AGCTTGAGTTAAGACA-1,0
AGCTTGATCCACGTGG-1,1
AGCTTGATCCTTAATC-1,0
AGGCCACAGACAAAGG-1,1
AGGCCACAGTTAAGTG-1,0
AGGCCACGTAAACACA-1,1
AGGCCACGTCCATCCT-1,1
AGGCCACTCGTTACGA-1,0
AGGCCGTAGGCATTGG-1,1
AGGCCGTAGGCCCTCA-1,1
AGGCCGTAGGGTCGAT-1,1
AGGCCGTAGTCGATAA-1,1
AGGCCGTCACCATGTA-1,1
AGGCCGTGTTCCCTTG-1,0
AGGCCGTTCTCGAGTA-1,0
AGGGAGTAGCGCCTCA-1,0
AGGGAGTCAGCGTAAG-1,1
AGGGAGTGTTCGTCTC-1,1
AGGGATGAGCTTATCG-1,1
AGGGATGCACTTGGAT-1,1
AGGGATGCATGTTCCC-1,1
AGGGATGCATGTTGAC-1,1
AGGGATGGTCAATACC-1,0
AGGGATGGTGCGGTAA-1,1
AGGGATGGTTGATTGC-1,1
AGGGATGTCACCGTAA-1,1
AGGGATGTCTTGTACT-1,1
AGGGTGAAGCGAGAAA-1,1
AGGGTGAAGCTAGTCT-1,1
AGGGTGAAGGGATACC-1,1
AGGGTGAAGTATCTCG-1,1
AGGGTGACAAGCCGTC-1,0
AGGGTGACAGGCGATA-1,1
AGGGTGAGTCATACTG-1,0
AGGGTGAGTGGGTATG-1,1
AGGGTGAGTGGTACAG-1,1
AGGGTGATCAAACGGG-1,1
AGGGTGATCAGGATCT-1,1
AGGGTGATCTGTTTGT-1,1
AGGTCATAGGAATTAC-1,1
AGGTCATCATCACAAC-1,0
AGGTCATGTCCCTACT-1,1
AGGTCCGCAGTATGCT-1,1
AGGTCCGGTATATGGA-1,1
AGGTCCGGTTCGCGAC-1,1
AGTAGTCAGTACGCCC-1,1
AGTAGTCCAAGCGAGT-1,1
AGTAGTCCACATGGGA-1,1
AGTAGTCCAGTAAGCG-1,1
AGTAGTCGTTGTACAC-1,0
AGTAGTCTCAGGTTCA-1,1
AGTAGTCTCCATGAGT-1,1
AGTAGTCTCTAGAGTC-1,1
AGTAGTCTCTGTTTGT-1,1
AGTCTTTAGAGCAATT-1,1
AGTCTTTCACAGAGGT-1,1
AGTCTTTCAGCTGTGC-1,1
AGTCTTTGTCTAGTGT-1,0
AGTCTTTGTTACGACT-1,1
AGTGAGGAGTGGTAGC-1,1
AGTGAGGAGTTTAGGA-1,1
AGTGAGGCAGTATGCT-1,1
AGTGAGGGTATCTGCA-1,1
AGTGAGGGTGCACTTA-1,1
AGTGAGGGTTGGACCC-1,1
AGTGAGGTCGGCTTGG-1,1
AGTGAGGTCGGTTCGG-1,1
AGTGGGAAGATATGGT-1,1
AGTGGGAAGCGTCAAG-1,1
AGTGGGAAGCTAGTCT-1,1
AGTGGGACAAACAACA-1,1
AGTGGGATCTTGTACT-1,1
AGTGTCAGTTCCGGCA-1,1
AGTGTCATCCGAAGAG-1,1
AGTTGGTAGACGCACA-1,1
AGTTGGTCAAGAAAGG-1,0
AGTTGGTCACCGAATT-1,1
AGTTGGTCAGCGTCCA-1,0
AGTTGGTCAGCTGCTG-1,1
AGTTGGTGTAAGTGTA-1,1
AGTTGGTTCAGATAAG-1,1
ATAACGCAGCCGATTT-1,1
ATAACGCAGGGCACTA-1,1
ATAACGCGTCGCTTTC-1,1
ATAACGCTCGCAGGCT-1,0
ATAACGCTCGTACGGC-1,1
ATAACGCTCTTAACCT-1,1
ATAAGAGAGAGTCGGT-1,1
ATAAGAGAGCTTATCG-1,1
ATAAGAGCAACACCTA-1,1
ATAAGAGCAAGAAGAG-1,1
ATAAGAGCACCGATAT-1,0
ATAAGAGGTATCTGCA-1,0
ATAAGAGGTCTCGTTC-1,1
ATAAGAGGTTAAGGGC-1,1
ATAGACCAGAGTACAT-1,0
ATAGACCCAGACGTAG-1,1
ATAGACCGTAAGAGGA-1,0
ATAGACCGTGCGATAG-1,1
ATAGACCGTGTAATGA-1,0
ATAGACCTCGGCTTGG-1,1
ATCACGAAGTGAACAT-1,0
ATCACGACATAGTAAG-1,1
ATCACGACATATACCG-1,0
ATCATCTAGAATTCCC-1,1
ATCATCTAGACTGGGT-1,1
ATCATCTAGGGTCTCC-1,0
ATCATCTAGTTTGCGT-1,0
ATCATCTCATTTGCTT-1,0
ATCATGGAGTTCGCGC-1,1
ATCATGGCAAGAGGCT-1,1
ATCATGGCAATAGAGT-1,1
ATCATGGTCACTATTC-1,1
ATCATGGTCCCTTGTG-1,1
ATCCACCAGCGTGTCC-1,0
ATCCACCAGTAGATGT-1,1
ATCCACCGTACACCGC-1,1
ATCCACCGTCAACTGT-1,1
ATCCACCGTGGTACAG-1,1
ATCCACCTCCCAAGAT-1,1
ATCCGAAAGATAGCAT-1,1
ATCCGAAAGCTGCCCA-1,0
ATCCGAACACATTAGC-1,1
ATCCGAAGTCGCTTCT-1,1
ATCGAGTCAGGAATCG-1,1
ATCGAGTGTGTTCTTT-1,1
ATCTACTAGGACACCA-1,1
ATCTACTCATACGCCG-1,1
ATCTACTCATATACGC-1,1
ATCTACTGTCATGCCG-1,0
ATCTACTGTGCAGTAG-1,0
ATCTACTTCTCTGTCG-1,1
ATCTACTTCTTAACCT-1,1
ATCTACTTCTTGCATT-1,1
ATCTGCCAGCTTTGGT-1,1
ATCTGCCAGGTGATTA-1,1
ATCTGCCAGTGCCAGA-1,1
ATCTGCCAGTTAACGA-1,1
ATCTGCCCAACAACCT-1,1
ATCTGCCCAAGTAGTA-1,1
ATCTGCCCATGGTTGT-1,1
ATCTGCCGTGCTTCTC-1,1
ATCTGCCGTTGGGACA-1,0
ATGAGGGAGGACAGCT-1,1
ATGAGGGCACTTCTGC-1,1
ATGAGGGCAGTAGAGC-1,1
ATGAGGGGTCGGCTCA-1,1
ATGAGGGTCACTCCTG-1,0
ATGAGGGTCGGATGTT-1,1
ATGAGGGTCGTATCAG-1,0
ATGCGATAGAAGGGTA-1,1
ATGCGATGTAATCGTC-1,1
ATGCGATGTCATTAGC-1,1
ATGCGATGTTTGGGCC-1,1
ATGCGATTCCGTACAA-1,1
ATGCGATTCCGTTGCT-1,0
ATGGGAGAGTACGACG-1,1
ATGGGAGCAAACGTGG-1,1
ATGGGAGGTACGCACC-1,1
ATGGGAGGTAGTGAAT-1,1
ATGGGAGTCATAGCAC-1,0
ATGTGTGAGACAGAGA-1,1
ATGTGTGGTCTAGGTT-1,0
ATGTGTGGTCTTGATG-1,0
ATGTGTGGTGGTAACG-1,1
ATGTGTGTCGCTTGTC-1,1
ATTACTCAGTAGCGGT-1,1
ATTACTCCACTTACGA-1,1
ATTACTCGTCTTCTCG-1,1
ATTATCCCACTGAAGG-1,1
ATTATCCGTAAGGGAA-1,1
ATTATCCGTACCGTTA-1,1
ATTATCCGTATCTGCA-1,1
ATTATCCGTTCAACCA-1,1
ATTATCCGTTCGGCAC-1,1
ATTATCCTCCCTAATT-1,0
ATTATCCTCCGATATG-1,1
ATTATCCTCCTTGCCA-1,1
ATTCTACAGTAGTGCG-1,1
ATTCTACCACATGTGT-1,1
ATTCTACCACGCGAAA-1,1
ATTCTACGTACTTGAC-1,1
ATTCTACTCCTGCTTG-1,1
ATTCTACTCTCGCTTG-1,1
ATTGGACAGTAGCCGA-1,1
ATTGGACAGTCATGCT-1,1
ATTGGACAGTCCATAC-1,0
ATTGGACAGTGAACAT-1,1
ATTGGACAGTTACGGG-1,1
ATTGGACCACAACGCC-1,1
ATTGGACCACGAAAGC-1,1
ATTGGACCAGCTTCGG-1,1
ATTGGACCAGTTCATG-1,1
ATTGGACGTCCGAGTC-1,0
ATTGGACTCTCTAAGG-1,0
ATTGGACTCTGATACG-1,1
ATTGGTGAGAAGATTC-1,1
ATTGGTGAGACGACGT-1,0
ATTGGTGAGTGGGCTA-1,1
ATTGGTGCAGCAGTTT-1,0
ATTGGTGCATTGGGCC-1,0
ATTGGTGTCCCACTTG-1,1
ATTGGTGTCTGTGCAA-1,1
ATTTCTGAGTGGTCCC-1,0
ATTTCTGAGTGTGGCA-1,1
ATTTCTGCACAGACAG-1,1
ATTTCTGGTATTCTCT-1,1
ATTTCTGTCGAATCCA-1,1
CAACCAAAGCATGGCA-1,1
CAACCAAAGGCGTACA-1,1
CAACCAACAAGGTTCT-1,1
CAACCAATCCACGTTC-1,1
CAACCTCAGGCGATAC-1,1
CAACCTCAGGCTAGAC-1,1
CAACCTCAGTTAACGA-1,1
CAACCTCCAGACGTAG-1,1
CAACCTCCAGCGAACA-1,1
CAACCTCGTCCAGTTA-1,1
CAACCTCGTCGAGTTT-1,1
CAACCTCTCATCACCC-1,1
CAACCTCTCTTCGGTC-1,1
CAACTAGAGGTGGGTT-1,0
CAACTAGCAATCCGAT-1,0
CAACTAGCACACTGCG-1,1
CAACTAGCACGTGAGA-1,1
CAACTAGCAGGCTGAA-1,1
CAACTAGGTGTGCGTC-1,1
CAACTAGGTTTAGGAA-1,0
CAACTAGTCAGAGACG-1,0
CAACTAGTCTTGACGA-1,1
CAACTAGTCTTGCAAG-1,0
CAAGAAACAAGGACTG-1,1
CAAGAAACACACATGT-1,1
CAAGAAACACTGCCAG-1,1
CAAGAAAGTCCCGACA-1,1
CAAGAAATCAACACCA-1,1
CAAGAAATCATCGCTC-1,0
CAAGATCAGTGTCCCG-1,1
CAAGATCGTGACTCAT-1,1
CAAGATCTCACCCGAG-1,1
CAAGATCTCTGCCCTA-1,1
CAAGGCCAGGAACTGC-1,1
CAAGGCCCAAAGGTGC-1,0
CAAGGCCGTCTCTTTA-1,1
CAAGGCCTCGTAGGTT-1,1
CAAGTTGAGGGTTCCC-1,1
CAAGTTGTCTACCAGA-1,0
CACAAACAGATGTCGG-1,1
CACAAACAGGATATAC-1,1
CACAAACAGTGCGATG-1,1
CACAAACGTACCGAGA-1,1
CACAAACGTGCGCTTG-1,1
CACAAACTCATGGTCA-1,1
CACAAACTCGCGGATC-1,1
CACAAACTCTCCGGTT-1,0
CACACAAAGAATGTTG-1,1
CACACAAAGATAGTCA-1,1
CACACAAGTATATGAG-1,1
CACACAAGTGCTAGCC-1,1
CACACAAGTTGGTAAA-1,1
CACACAATCATGCTCC-1,0
CACACAATCCGAATGT-1,1
CACACCTAGCAAATCA-1,1
CACACCTAGTATCTCG-1,0
CACACCTGTCAACATC-1,1
CACACCTTCTGCGTAA-1,1
CACACTCAGTTCGATC-1,1
CACACTCCAAACAACA-1,1
CACACTCCAATAACGA-1,0
CACACTCCACACGCTG-1,0
CACACTCGTTGGAGGT-1,1
CACAGGCAGAGTCTGG-1,1
CACAGGCCATGTTGAC-1,1
CACAGGCCATTACCTT-1,1
CACAGGCTCAGTGTTG-1,1
CACAGGCTCCAATGGT-1,1
CACAGGCTCGTAGATC-1,1
CACAGTAAGCAGGCTA-1,1
CACAGTAAGCTAAGAT-1,0
CACAGTAAGGTCGGAT-1,1
CACAGTACAGACGCAA-1,1
CACAGTACAGTGGGAT-1,1
CACAGTACATAGTAAG-1,1
CACAGTAGTCCAGTTA-1,1
CACAGTAGTTTAAGCC-1,0
CACAGTATCATTCACT-1,1
CACAGTATCGGCTACG-1,1
CACATAGAGTGTTTGC-1,1
CACATAGCAAGAGGCT-1,1
CACATAGGTCTGATCA-1,1
CACATAGTCCTATTCA-1,1
CACATAGTCGGCATCG-1,1
CACATAGTCTACTTAC-1,1
CACATTTAGTCCGGTC-1,1
CACATTTCACAACTGT-1,1
CACATTTCACATGACT-1,1
CACATTTGTACCGTAT-1,1
CACCACTAGACTAGGC-1,1
CACCACTCACCAACCG-1,1
CACCACTCAGGACCCT-1,0
CACCACTGTAGGAGTC-1,1
CACCACTGTAGGCTGA-1,1
CACCACTGTCAAGCGA-1,1
CACCACTGTCCGAACC-1,1
CACCACTGTCTAGAGG-1,1
CACCACTGTTGAGGTG-1,1
CACCACTTCTACTTAC-1,1
CACCAGGAGTTATCGC-1,1
CACCAGGCAGCTCGAC-1,1
CACCAGGCAGTTTACG-1,1
CACCAGGGTGATAAAC-1,1
CACCAGGGTTTAAGCC-1,1
CACCAGGTCCAGATCA-1,1
CACCTTGAGCCCGAAA-1,1
CACCTTGCACTACAGT-1,1
CACCTTGCATCGGGTC-1,1
CACCTTGTCACGCATA-1,1
CACCTTGTCATAACCG-1,1
CACCTTGTCCTATGTT-1,0
CACCTTGTCGCTAGCG-1,1
CACCTTGTCTGCGACG-1,1
CACTCCAAGGGTGTGT-1,1
CACTCCACACGAGAGT-1,1
CACTCCAGTTGAGTTC-1,1
CACTCCATCATGTGGT-1,1
CAGAATCCACGTCTCT-1,0
CAGAATCCATTTGCCC-1,1
CAGAATCCATTTGCTT-1,1
CAGAATCGTATCACCA-1,1
CAGAATCGTGAGCGAT-1,1
CAGAATCGTGATGATA-1,1
CAGAATCGTTAAGTAG-1,1
CAGAATCGTTCCTCCA-1,1
CAGAATCTCTTCTGGC-1,0
CAGAGAGAGAGCAATT-1,0
CAGAGAGAGTAATCCC-1,1
CAGAGAGAGTCCGGTC-1,1
CAGAGAGCAGCTGTAT-1,0
CAGAGAGCAGGTCTCG-1,1
CAGAGAGCATCGTCGG-1,1
CAGAGAGCATTTCAGG-1,1
CAGAGAGGTAGCGTAG-1,0
CAGAGAGTCAATAAGG-1,1
CAGATCAAGACTAGAT-1,1
CAGATCAAGCCCAATT-1,0
CAGATCACAGACAAGC-1,1
CAGATCAGTAAGTGTA-1,1
CAGATCAGTAGAAAGG-1,0
CAGATCAGTCGCATAT-1,1
CAGATCATCCGCTGTT-1,1
CAGCAGCAGAAGGACA-1,1
CAGCAGCAGCCGGTAA-1,0
CAGCAGCAGGACAGAA-1,1
CAGCAGCAGTGTCTCA-1,0
CAGCAGCGTACATGTC-1,0
CAGCAGCGTATGCTTG-1,0
CAGCAGCGTGAGGGTT-1,1
CAGCAGCGTGATAAGT-1,0
CAGCAGCGTTTAGCTG-1,1
CAGCAGCTCACCTTAT-1,1
CAGCAGCTCGAGGTAG-1,1
CAGCATACATTTCACT-1,1
CAGCATAGTCTGCGGT-1,1
CAGCCGAAGGTGACCA-1,0
CAGCCGACACCTATCC-1,1
CAGCCGACACTGAAGG-1,1
CAGCCGACAGTTCCCT-1,1
CAGCCGAGTACCAGTT-1,1
CAGCCGAGTATGGTTC-1,1
CAGCCGAGTCATCCCT-1,1
CAGCCGAGTGCATCTA-1,0
CAGCCGAGTTCCAACA-1,1
CAGCCGATCAGGTAAA-1,1
CAGCCGATCCCTTGCA-1,1
CAGCGACAGAAACCTA-1,1
CAGCGACCAACTTGAC-1,1
CAGCGACCAGACACTT-1,1
CAGCGACCAGATCTGT-1,0
CAGCGACGTAGCTAAA-1,1
CAGCGACGTCTAGTGT-1,1
CAGCGACTCTGTCTAT-1,0
CAGCTAAAGAACAATC-1,1
CAGCTAAAGTAGTGCG-1,1
CAGCTAACACACATGT-1,1
CAGCTAACACGGTTTA-1,1
CAGCTAACACTGTGTA-1,1
CAGCTAACAGGTGGAT-1,1
CAGCTAAGTTGAACTC-1,1
CAGCTAAGTTGTTTGG-1,1
CAGCTAATCGCGCCAA-1,0
CAGCTGGAGAACAATC-1,1
CAGCTGGCACCGAAAG-1,1
CAGCTGGGTCCATGAT-1,1
CAGCTGGGTTGTCGCG-1,1
CAGCTGGTCATCATTC-1,0
CAGGTGCGTCAAAGCG-1,1
CAGGTGCTCGGTTAAC-1,1
CAGTAACAGATCCGAG-1,1
CAGTAACAGGTCGGAT-1,1
CAGTAACAGTATCTCG-1,1
CAGTAACCACCGAAAG-1,0
CAGTAACCACCGAATT-1,0
CAGTAACGTCGCTTTC-1,0
CAGTAACGTCTAAACC-1,0
CAGTAACTCACGCATA-1,1
CAGTAACTCCCTAATT-1,1
CAGTCCTAGCAGCCTC-1,0
CAGTCCTCACGTAAGG-1,0
CAGTCCTGTCCCGACA-1,1
CAGTCCTTCCTGCCAT-1,1
CATATGGCAACACCCG-1,1
CATATGGTCTACTATC-1,1
CATATTCAGACTTGAA-1,1
CATATTCAGGGCTTGA-1,1
CATATTCCAAACTGCT-1,0
CATATTCCAATGTAAG-1,1
CATATTCCATGCGCAC-1,1
CATATTCCATGCTGGC-1,1
CATATTCCATGGTTGT-1,1
CATATTCGTCATGCCG-1,1
CATATTCTCTCTAAGG-1,0
CATCAAGCAAGTAGTA-1,1
CATCAAGCACTTACGA-1,1
CATCAAGCATACTACG-1,0
CATCAAGGTAAAGGAG-1,1
CATCAAGGTAATCACC-1,0
CATCAAGGTTTGTTTC-1,1
CATCAAGTCCAAGTAC-1,0
CATCAGAAGGTGTTAA-1,1
CATCAGACACCAGTTA-1,1
CATCAGACAGTAACGG-1,1
CATCAGAGTCCAGTAT-1,0
CATCAGAGTTTGACAC-1,1
CATCAGATCAAGCCTA-1,1
CATCCACCAAGCCTAT-1,1
CATCCACCATAAGACA-1,1
CATCCACGTCAGATAA-1,1
CATCCACTCGGTGTTA-1,1
CATCGAAAGTGATCGG-1,1
CATCGAATCTTTACGT-1,1
CATCGGGAGATATACG-1,0
CATCGGGAGGCCATAG-1,1
CATCGGGCATCGGAAG-1,1
CATCGGGGTAAACCTC-1,1
CATCGGGGTAGCTGCC-1,0
CATCGGGGTCACTGGC-1,1
CATCGGGTCCGCAGTG-1,1
CATCGGGTCGCATGGC-1,1
CATGACAAGCGATATA-1,1
CATGACAAGCTCCTCT-1,1
CATGACAAGTTACGGG-1,1
CATGACACAAGGCTCC-1,1
CATGACACATTTCACT-1,1
CATGACATCACCGTAA-1,0
CATGACATCTGAGTGT-1,1
CATGCCTAGCTGAACG-1,1
CATGCCTCAATAAGCA-1,1
CATGCCTCAGTCAGCC-1,1
CATGCCTGTATCTGCA-1,1
CATGCCTTCCGAAGAG-1,1
CATGCCTTCCGAATGT-1,1
CATGGCGAGTCCAGGA-1,1
CATGGCGCACACTGCG-1,1
CATGGCGGTCTGATTG-1,1
CATGGCGGTTGCGTTA-1,1
CATTATCCACCCATTC-1,0
CATTATCCAGGTCTCG-1,0
CATTATCCATCCGTGG-1,1
CATTATCGTGACAAAT-1,0
CATTATCGTGAGTATA-1,0
CATTATCGTTGCTCCT-1,1
CATTATCTCCGAGCCA-1,1
CATTATCTCTGCTTGC-1,1
CATTCGCTCACCAGGC-1,1
CATTCGCTCAGTTAGC-1,1
CATTCGCTCCGAGCCA-1,1
CATTCGCTCTCTGAGA-1,1
CCAATCCCAAACCCAT-1,0
CCAATCCCATTTGCTT-1,1
CCAATCCGTTCAACCA-1,1
CCAATCCTCACTCCTG-1,1
CCACCTAAGAGGACGG-1,0
CCACCTACACCCTATC-1,1
CCACCTAGTAGCTTGT-1,1
CCACCTAGTGGAAAGA-1,1
CCACCTAGTGTGGCTC-1,1
CCACCTATCAACACTG-1,1
CCACCTATCACTTCAT-1,1
CCACCTATCGTCCGTT-1,1
CCACCTATCTCCCTGA-1,1
CCACGGAAGACACGAC-1,1
CCACGGACACGGTAAG-1,1
CCACGGACAGCTCGCA-1,1
CCACGGACAGTTTACG-1,1
CCACGGACATTAACCG-1,0
CCACGGATCAGTTGAC-1,1
CCACGGATCGCAAACT-1,1
CCACGGATCTTCGAGA-1,1
CCACTACCACGTCAGC-1,0
CCACTACCAGTAACGG-1,1
CCACTACGTATTACCG-1,0
CCACTACGTTGATTGC-1,0
CCACTACTCACGCATA-1,1
CCACTACTCTAACTTC-1,1
CCAGCGAAGTCGCCGT-1,1
CCAGCGAGTACAAGTA-1,1
CCAGCGAGTATTCTCT-1,1
CCAGCGATCACGATGT-1,1
CCAGCGATCCCGGATG-1,1
CCATGTCAGACAAAGG-1,1
CCATGTCAGATATACG-1,0
CCATGTCAGTTGTAGA-1,1
CCATGTCTCTCTGTCG-1,1
CCATTCGAGCGATCCC-1,0
CCATTCGAGTGTACCT-1,1
CCATTCGCAGCTGTGC-1,1
CCATTCGCAGTAACGG-1,1
CCCAATCAGAGTCGGT-1,0
CCCAATCAGCCCAGCT-1,1
CCCAATCCAATACGCT-1,1
CCCAATCGTATTCTCT-1,1
CCCAATCGTGTGACGA-1,1
CCCAATCGTTATGCGT-1,1
CCCAATCTCTACTCAT-1,1
CCCAATCTCTGACCTC-1,1
CCCAGTTAGATGGGTC-1,1
CCCAGTTAGGGTATCG-1,1
CCCAGTTAGTTAGGTA-1,1
CCCAGTTAGTTCGCAT-1,1
CCCAGTTCAGACTCGC-1,1
CCCAGTTCATGCAACT-1,1
CCCAGTTGTCTGGTCG-1,1
CCCAGTTTCAACACGT-1,1
CCCAGTTTCCATGAGT-1,1
CCCATACAGACATAAC-1,1
CCCATACGTTGCCTCT-1,1
CCCATACTCAACGGGA-1,1
CCCATACTCCACGAAT-1,1
CCCTCCTAGCACAGGT-1,1
CCCTCCTAGCAGGTCA-1,1
CCCTCCTAGCATCATC-1,0
CCCTCCTGTAAACACA-1,0
CCCTCCTGTGTTCTTT-1,1
CCCTCCTGTTCAGTAC-1,1
CCGGGATAGCAGGCTA-1,1
CCGGGATAGCGCTCCA-1,1
CCGGGATCACATGTGT-1,0
CCGGGATGTATAGGTA-1,1
CCGGGATGTCGCATAT-1,1
CCGGTAGAGAAACGAG-1,1
CCGGTAGAGACCCACC-1,1
CCGGTAGAGGTGTTAA-1,1
CCGGTAGGTGATAAAC-1,1
CCGGTAGGTTACGCGC-1,1
CCGGTAGTCCAAACAC-1,1
CCGTACTAGTGCCATT-1,1
CCGTACTCACGAAATA-1,1
CCGTACTCAGAGCCAA-1,1
CCGTACTCAGGAACGT-1,1
CCGTACTCATGGTCAT-1,1
CCGTACTTCGGCGGTT-1,1
CCGTACTTCTGGTGTA-1,1
CCGTGGAAGTCCCACG-1,1
CCGTGGAGTCGCGAAA-1,1
CCGTGGATCAGCTTAG-1,1
CCGTGGATCTGATACG-1,1
CCGTTCACAGTGGAGT-1,1
CCGTTCACATTTCACT-1,1
CCGTTCATCTTTAGGG-1,1
CCTAAAGCAAGAGTCG-1,1
CCTAAAGTCATGTCCC-1,1
CCTACACAGTGATCGG-1,1
CCTACACCAACACCCG-1,1
CCTACACCACATAACC-1,0
CCTACACCAGGGCATA-1,1
CCTACACGTACCGGCT-1,1
CCTACACGTCTTCTCG-1,1
CCTACACTCGGAGCAA-1,0
CCTACACTCTGACCTC-1,1
CCTACCAAGTGGGTTG-1,1
CCTACCACAATGGACG-1,0
CCTACCAGTAGAGGAA-1,1
CCTACCAGTATTCTCT-1,0
CCTACCAGTTACCGAT-1,1
CCTACCAGTTCCTCCA-1,0
CCTACCATCCTGCTTG-1,0
CCTAGCTCAACACCTA-1,1
CCTAGCTCATCAGTAC-1,1
CCTAGCTCATCATCCC-1,0
CCTAGCTCATCCTTGC-1,1
CCTAGCTGTCATGCAT-1,1
CCTAGCTTCAGCTTAG-1,1
CCTAGCTTCCTAAGTG-1,0
CCTATTACAAGCGAGT-1,1
CCTATTACATTACCTT-1,0
CCTATTAGTCGTGGCT-1,1
CCTATTAGTCTAGTCA-1,1
CCTATTAGTCTCTCTG-1,1
CCTATTAGTTTAGGAA-1,1
CCTCAGTAGCGTGTCC-1,1
CCTCAGTAGGGCTTCC-1,1
CCTCAGTCACAGGCCT-1,1
CCTCAGTTCTTGAGAC-1,1
CCTCTGACATTAACCG-1,1
CCTCTGAGTCAAAGCG-1,1
CCTCTGATCTGTCCGT-1,1
CCTTACGAGACATAAC-1,1
CCTTACGAGAGTAATC-1,0
CCTTACGAGCCCAATT-1,1
CCTTACGAGGGATACC-1,1
CCTTACGCAAGAAAGG-1,1
CCTTACGCACTAAGTC-1,1
CCTTACGGTACCGCTG-1,1
CCTTCCCAGCGACGTA-1,0
CCTTCCCAGCTCTCGG-1,0
CCTTCCCCAAGTACCT-1,1
CCTTCCCCAATGTAAG-1,1
CCTTCCCCATACGCTA-1,1
CCTTCCCGTTTGACTG-1,0
CCTTCCCTCGTATCAG-1,1
CCTTCCCTCTCTGAGA-1,1
CCTTCGAAGCAGATCG-1,0
CCTTCGAAGCCTATGT-1,1
CCTTCGAAGGCAAAGA-1,1
CCTTCGAAGTGGACGT-1,1
CCTTCGACAAACGCGA-1,0
CCTTCGAGTCCGCTGA-1,1
CCTTCGAGTTTAAGCC-1,1
CCTTTCTAGTCTCGGC-1,0
CCTTTCTAGTCTTGCA-1,0
CCTTTCTCAATGGAGC-1,1
CCTTTCTCATGGTTGT-1,0
CCTTTCTGTTCAGGCC-1,1
CCTTTCTTCCCTGACT-1,1
CCTTTCTTCTACCAGA-1,1
CCTTTCTTCTCGCATC-1,1
CGAACATCACTCAGGC-1,1
CGAACATCAGGATTGG-1,1
CGAACATCAGTAGAGC-1,1
CGAACATGTACTTCTT-1,1
CGAACATGTCAAGCGA-1,1
CGAATGTAGCCCAGCT-1,0
CGAATGTAGCTGCCCA-1,1
CGAATGTCAAGTTCTG-1,1
CGAATGTCACAGACTT-1,1
CGAATGTCACGACGAA-1,0
CGAATGTCAGGATTGG-1,1
CGAATGTGTGATGTGG-1,0
CGAATGTTCCTTGACC-1,1
CGACCTTAGCAGCCTC-1,1
CGACCTTAGCTCTCGG-1,1
CGACCTTAGTAGGTGC-1,0
CGACCTTGTGCGGTAA-1,1
CGACCTTGTTGACGTT-1,1
CGACTTCAGACTAGAT-1,1
CGACTTCAGATGGCGT-1,1
CGACTTCAGCGAGAAA-1,1
CGACTTCAGTGATCGG-1,1
CGACTTCGTAAATACG-1,1
CGACTTCGTAGGGACT-1,1
CGACTTCGTCATGCAT-1,1
CGACTTCTCATGTAGC-1,1
CGACTTCTCGGAATCT-1,1
CGAGAAGCACACATGT-1,0
CGAGAAGCAGATTGCT-1,1
CGAGAAGCAGTATGCT-1,1
CGAGAAGTCACCCTCA-1,1
CGAGAAGTCATACGGT-1,1
CGAGAAGTCTCTGTCG-1,1
CGAGAAGTCTGTCTCG-1,1
CGAGCACCACGGCTAC-1,1
CGAGCACTCAGTTCGA-1,1
CGAGCCAAGACTTGAA-1,0
CGAGCCACAGACGCAA-1,1
CGAGCCAGTCTCTTAT-1,1
CGAGCCAGTGCACGAA-1,0
CGAGCCATCCATGAAC-1,1
CGATCGGAGATATGCA-1,1
CGATCGGCAACACCTA-1,1
CGATCGGGTTTGGGCC-1,0
CGATCGGTCATGTCTT-1,1
CGATCGGTCTTGAGGT-1,1
CGATGGCAGTGGCACA-1,1
CGATGGCCAAGAGGCT-1,1
CGATGGCCACATGGGA-1,0
CGATGGCGTTACGCGC-1,0
CGATGGCTCAGGCAAG-1,0
CGATGGCTCCAAGTAC-1,1
CGATGTAAGGTTCCTA-1,1
CGATGTAAGTCGTACT-1,1
CGATGTAGTGAGGGTT-1,1
CGATGTAGTGCGCTTG-1,1
CGATGTAGTGGTACAG-1,1
CGATGTATCGGTGTCG-1,0
CGATGTATCGTTTGCC-1,1
CGATTGAAGGAGTAGA-1,1
CGATTGACACGCATCG-1,0
CGATTGACACGTCAGC-1,1
CGATTGACATGTAGTC-1,1
CGCCAAGAGAAGGCCT-1,1
CGCCAAGAGAGCTTCT-1,1
CGCGGTAAGATCGATA-1,1
CGCGGTACAACGATCT-1,1
CGCGGTACAATCTGCA-1,1
CGCGGTAGTACATCCA-1,1
CGCGGTAGTCAATGTC-1,0
CGCGGTAGTGGAAAGA-1,1
CGCGTTTCAAACCTAC-1,1
CGCGTTTCACAGGAGT-1,1
CGCGTTTGTGATGTGG-1,1
CGCGTTTGTGCAGGTA-1,1
CGCGTTTTCCCTCAGT-1,1
CGCGTTTTCCTCATTA-1,0
CGCTATCCAATGGATA-1,1
CGCTATCCATCATCCC-1,0
CGCTATCTCTCTGTCG-1,0
CGCTATCTCTTGTATC-1,1
CGCTGGAAGAAGGTGA-1,1
CGCTGGAAGTGTCTCA-1,1
CGCTGGAAGTTCGATC-1,0
CGCTGGACAATCTGCA-1,1
CGCTGGACACAGATTC-1,1
CGCTGGACAGACAAAT-1,1
CGCTGGAGTCGAATCT-1,0
CGCTGGAGTGGTAACG-1,1
CGCTTCAAGACTACAA-1,1
CGCTTCAAGTGACTCT-1,1
CGCTTCAGTGTGACGA-1,1
CGCTTCATCATTTGGG-1,0
CGGACACAGCCAGGAT-1,1
CGGACACCACAGGCCT-1,1
CGGACACCACCACGTG-1,1
CGGACACCATTATCTC-1,1
CGGACACGTGGTTTCA-1,0
CGGACGTAGCTAACTC-1,1
CGGACGTCACCAACCG-1,1
CGGACGTCAGCGAACA-1,0
CGGACGTGTCGCTTCT-1,1
CGGACGTGTGCCTGTG-1,1
CGGACGTTCACGCGGT-1,1
CGGACTGAGCTTTGGT-1,1
CGGACTGAGTTACCCA-1,1
CGGACTGGTCTCATCC-1,0
CGGACTGTCTTGCCGT-1,1
CGGAGCTAGAGTGACC-1,1
CGGAGCTAGATGTAAC-1,1
CGGAGCTAGGTGCAAC-1,1
CGGAGCTCAATCGAAA-1,1
CGGAGCTGTCCCTACT-1,1
CGGAGCTGTCGAACAG-1,1
CGGAGCTGTGGTTTCA-1,1
CGGAGCTTCACCAGGC-1,1
CGGAGCTTCCGTTGTC-1,1
CGGAGTCAGAGCCTAG-1,1
CGGAGTCAGCCAGTTT-1,1
CGGAGTCAGGGATGGG-1,1
CGGAGTCAGTGAACGC-1,1
CGGAGTCCAAAGTCAA-1,1
CGGAGTCCAACACCCG-1,1
CGGAGTCCAGTTTACG-1,1
CGGAGTCGTGTATGGG-1,0
CGGAGTCTCATGCATG-1,1
CGGCTAGAGCGTTCCG-1,1
CGGCTAGAGGTGCTAG-1,1
CGGCTAGAGTATCGAA-1,1
CGGCTAGGTCTCTTAT-1,0
CGGCTAGTCACCAGGC-1,0
CGGGTCAAGACTGTAA-1,1
CGGGTCAAGCCACCTG-1,1
CGGGTCAAGCTGATAA-1,1
CGGGTCAAGTACATGA-1,1
CGGGTCAAGTGCGATG-1,1
CGGGTCACACAGAGGT-1,1
CGGGTCACACGGTAAG-1,0
CGGGTCAGTCAAAGCG-1,1
CGGGTCAGTCTCTCGT-1,1
CGGGTCATCGATCCCT-1,1
CGGGTCATCTTAGAGC-1,1
CGGTTAAAGCCATCGC-1,1
CGGTTAAAGCGCCTTG-1,0
CGGTTAACAGATGAGC-1,1
CGGTTAACAGGGTACA-1,1
CGGTTAATCCGCATAA-1,1
CGGTTAATCTTAGCCC-1,1
CGTAGCGCAGGATTGG-1,0
CGTAGCGGTCGCGTGT-1,1
CGTAGCGGTTCGGCAC-1,1
CGTAGGCAGGAGTAGA-1,1
CGTAGGCAGGCTAGGT-1,0
CGTAGGCGTGTGACGA-1,1
CGTAGGCTCAACACCA-1,1
CGTAGGCTCGATAGAA-1,1
CGTAGGCTCTAACTGG-1,1
CGTCACTAGATGTAAC-1,1
CGTCACTAGTAACCCT-1,1
CGTCACTCAAGGGTCA-1,1
CGTCACTCACAGGCCT-1,1
CGTCACTCAGGCAGTA-1,0
CGTCACTGTCTTGATG-1,1
CGTCACTGTGAGTATA-1,1
CGTCACTGTGGCAAAC-1,1
CGTCACTTCCAATGGT-1,1
CGTCACTTCCTCATTA-1,1
CGTCACTTCCTCCTAG-1,1
CGTCACTTCGGATGTT-1,1
CGTCAGGAGCGATAGC-1,0
CGTCAGGCAAGACACG-1,1
CGTCCATAGAGGGATA-1,1
CGTCCATAGGAGTACC-1,0
CGTCCATCACCAGCAC-1,0
CGTCCATCACTAAGTC-1,1
CGTCCATCAGTGAGTG-1,1
CGTCCATGTCTCATCC-1,1
CGTCCATTCAAGAAGT-1,1
CGTCCATTCCGATATG-1,1
CGTCCATTCCGTTGCT-1,0
CGTCTACAGCCCAACC-1,1
CGTCTACCAAGCCTAT-1,0
CGTCTACCATCCGGGT-1,0
CGTCTACGTACAGCAG-1,1
CGTCTACGTAGCGTCC-1,1
CGTCTACGTGACAAAT-1,1
CGTCTACTCCGCATAA-1,1
CGTCTACTCGCCGTGA-1,1
CGTCTACTCTGTCTCG-1,1
CGTGAGCAGACTGGGT-1,0
CGTGAGCCAGCTGTTA-1,1
CGTGAGCGTAAGGGCT-1,0
CGTGAGCTCCTGTACC-1,1
CGTGAGCTCGATGAGG-1,1
CGTGAGCTCTGTCCGT-1,1
CGTGTAACATCTATGG-1,1
CGTGTAAGTGCGATAG-1,1
CGTGTCTAGTGCGATG-1,1
CGTGTCTCAATGGAAT-1,1
CGTGTCTCAGCCACCA-1,1
CGTGTCTCATCGTCGG-1,1
CGTGTCTGTATCACCA-1,1
CGTGTCTGTGACAAAT-1,0
CGTGTCTTCCGTAGGC-1,0
CGTTAGAAGACTGTAA-1,1
CGTTAGAAGATGTGGC-1,0
CGTTAGAAGGATATAC-1,1
CGTTAGAAGTATGACA-1,0
CGTTAGAGTCGAAAGC-1,1
CGTTAGAGTGAAATCA-1,0
CGTTAGAGTGATGTCT-1,1
CGTTAGATCGCTGATA-1,1
CGTTAGATCTGACCTC-1,0
CGTTCTGAGAATGTGT-1,1
CGTTCTGCATCACGTA-1,1
CGTTCTGGTATGGTTC-1,1
CGTTCTGGTCGTTGTA-1,1
CGTTCTGGTTGTGGCC-1,1
CGTTCTGTCGGCTTGG-1,1
CGTTCTGTCTCGCTTG-1,1
CGTTGGGAGGACACCA-1,1
CGTTGGGAGTCCATAC-1,1
CGTTGGGCAGTATCTG-1,1
CGTTGGGCATTCTTAC-1,1
CGTTGGGTCTCACATT-1,1
CGTTGGGTCTCGAGTA-1,1
CTAACTTAGATAGCAT-1,1
CTAACTTAGCTCTCGG-1,1
CTAACTTCAGCCTGTG-1,1
CTAACTTCAGGCTGAA-1,1
CTAACTTCATGTCGAT-1,1
CTAACTTGTCAGTGGA-1,1
CTAACTTGTTTGGCGC-1,1
CTAACTTTCATAGCAC-1,1
CTAACTTTCATGCTCC-1,1
CTAACTTTCCTAGGGC-1,1
CTAAGACAGATAGGAG-1,1
CTAAGACAGGTCGGAT-1,1
CTAAGACGTATTACCG-1,0
CTAAGACGTGCCTGCA-1,0
CTAAGACTCACAGGCC-1,1
CTAAGACTCACGATGT-1,1
CTAAGACTCCAAACAC-1,1
CTAATGGAGACAAGCC-1,1
CTAATGGAGGTGCACA-1,1
CTAATGGCACGAAAGC-1,1
CTAATGGCATGCAACT-1,1
CTAATGGCATGGATGG-1,1
CTAATGGCATTTGCTT-1,1
CTAATGGGTAGCTCCG-1,1
CTAATGGGTGCGCTTG-1,1
CTACACCAGGCGACAT-1,1
CTACACCCAATGGAGC-1,1
CTACACCCAGGTGGAT-1,1
CTACACCGTGATGCCC-1,1
CTACACCGTTCAGTAC-1,1
CTACACCTCAACACTG-1,1
CTACACCTCAACGCTA-1,1
CTACATTAGACAGGCT-1,0
CTACATTAGCACCGTC-1,1
CTACATTCAATCACAC-1,1
CTACATTCATCGTCGG-1,1
CTACATTCATCTATGG-1,1
CTACATTGTCAAAGCG-1,1
CTACATTGTCTCTCTG-1,1
CTACATTTCACGACTA-1,1
CTACATTTCGGCATCG-1,0
CTACATTTCTGACCTC-1,0
CTACCCAAGAAGATTC-1,1
CTACCCACACTGTCGG-1,1
CTACCCAGTCATGCCG-1,1
CTACCCAGTCCAGTTA-1,1
CTACCCATCAACCAAC-1,1
CTACCCATCTGGTGTA-1,0
CTACGTCAGTATCGAA-1,1
CTACGTCCATGGTAGG-1,1
CTACGTCGTAGGGTAC-1,1
CTACGTCGTTGATTCG-1,1
CTACGTCGTTGCTCCT-1,1
CTAGAGTAGGCTAGGT-1,1
CTAGAGTAGTGGGCTA-1,1
CTAGAGTCAAGTCTGT-1,1
CTAGAGTCAGTCGTGC-1,1
CTAGAGTCATCATCCC-1,0
CTAGAGTGTGAAATCA-1,1
CTAGAGTTCAAAGACA-1,1
CTAGCCTCAATAACGA-1,1
CTAGCCTTCGCTGATA-1,0
CTAGCCTTCGGAAACG-1,1
CTAGTGAAGAACTCGG-1,0
CTAGTGAAGACTGTAA-1,1
CTAGTGAAGATGCCTT-1,1
CTAGTGAAGTTTGCGT-1,1
CTAGTGAGTAGCGCAA-1,1
CTAGTGAGTATAGGTA-1,1
CTAGTGAGTGACGCCT-1,1
CTAGTGAGTGGCGAAT-1,0
CTAGTGATCACCCGAG-1,1
CTAGTGATCTCGCTTG-1,1
CTAGTGATCTTGCAAG-1,1
CTCACACAGTAATCCC-1,0
CTCACACCAGGTTTCA-1,1
CTCACACCATTACCTT-1,1
CTCACACCATTCTTAC-1,0
CTCACACGTAAGTTCC-1,0
CTCACACTCAAAGTAG-1,0
CTCACACTCAAGAAGT-1,1
CTCAGAAAGCTAAACA-1,1
CTCAGAACATGTAGTC-1,0
CTCAGAAGTAGAGCTG-1,1
CTCAGAAGTTATTCTC-1,1
CTCATTAAGGCAAAGA-1,1
CTCATTAAGTCTCAAC-1,1
CTCATTACACCTGGTG-1,0
CTCATTAGTACCGGCT-1,0
CTCATTAGTAGAGTGC-1,1
CTCATTATCGTTACAG-1,1
CTCCTAGAGCACCGTC-1,1
CTCCTAGCACCCTATC-1,1
CTCCTAGCAGGAACGT-1,1
CTCCTAGCAGTGAGTG-1,1
CTCCTAGCATTGCGGC-1,1
CTCCTAGGTCAGCTAT-1,1
CTCCTAGGTGCTGTAT-1,1
CTCCTAGGTGGGTCAA-1,1
CTCCTAGTCCTGTACC-1,1
CTCGAAAAGACACGAC-1,1
CTCGAAAAGATGAGAG-1,1
CTCGAAAAGTGAAGTT-1,0
CTCGAAACACGGTAGA-1,1
CTCGAAACATGGTTGT-1,1
CTCGAAAGTGACTACT-1,1
CTCGAAAGTGTTGAGG-1,1
CTCGAGGAGAGCTATA-1,1
CTCGAGGAGCCATCGC-1,1
CTCGAGGCAAGCCATT-1,1
CTCGAGGCACACATGT-1,1
CTCGAGGCACCCTATC-1,1
CTCGAGGGTTGAACTC-1,0
CTCGAGGTCAGAGACG-1,0
CTCGAGGTCTAACTCT-1,1
CTCGAGGTCTTTACGT-1,1
CTCGGAGAGCGACGTA-1,1
CTCGGAGAGTGTACGG-1,1
CTCGGAGGTCTTTCAT-1,1
CTCGGAGTCAACGAAA-1,0
CTCGGAGTCACCGTAA-1,1
CTCGGAGTCCTCCTAG-1,1
CTCGGAGTCGATAGAA-1,1
CTCGGGAAGAGTTGGC-1,1
CTCGGGAAGCGTCAAG-1,1
CTCGGGAAGGCCCTCA-1,1
CTCGGGAAGGTTACCT-1,1
CTCGGGACACAAGCCC-1,1
CTCGGGACACCAGGTC-1,1
CTCGGGATCGGTTAAC-1,0
CTCGGGATCTGAGTGT-1,1
CTCGTACAGACAAAGG-1,1
CTCGTACAGGCATTGG-1,1
CTCGTACAGTATTGGA-1,0
CTCGTACCACGTAAGG-1,1
CTCGTACGTCCAGTTA-1,1
CTCGTACGTCCTCTTG-1,1
CTCGTACGTGTTAAGA-1,1
CTCGTCAAGAAGGACA-1,1
CTCGTCAAGCGAGAAA-1,0
CTCGTCAAGGGTTCCC-1,1
CTCGTCACAATCAGAA-1,1
CTCGTCAGTTAAGGGC-1,1
CTCTAATAGATTACCC-1,1
CTCTAATCAATTCCTT-1,0
CTCTAATCAGACAAAT-1,0
CTCTAATCAGATCGGA-1,1
CTCTAATCATGAACCT-1,1
CTCTAATGTACTCGCG-1,1
CTCTAATGTATATGAG-1,1
CTCTAATGTTACGACT-1,1
CTCTAATTCATGTCCC-1,1
CTCTAATTCCTTTACA-1,1
CTCTAATTCTGATACG-1,0
CTCTACGAGAAGGTTT-1,1
CTCTACGAGGTGCTAG-1,0
CTCTACGAGTGGGCTA-1,1
CTCTACGCAAAGCAAT-1,1
CTCTACGCAGCCTATA-1,1
CTCTACGCAGCTGTGC-1,1
CTCTACGGTCAATGTC-1,1
CTCTACGTCAAACAAG-1,0
CTCTACGTCGTCTGCT-1,0
CTCTGGTAGTAGGTGC-1,1
CTCTGGTCACTTAACG-1,1
CTCTGGTGTTGAACTC-1,1
CTCTGGTTCCCATTAT-1,1
CTCTGGTTCGTTTGCC-1,1
CTCTGGTTCTCATTCA-1,1
CTCTGGTTCTGTCTCG-1,1
CTGAAACAGTGAACGC-1,1
CTGAAACAGTGTACGG-1,1
CTGAAACCAGCTTAAC-1,1
CTGAAACGTCTGGAGA-1,1
CTGAAACGTTTGGGCC-1,1
CTGAAACTCTTCGAGA-1,1
CTGAAACTCTTGTACT-1,0
CTGAAGTAGGCTATCT-1,0
CTGAAGTGTCCGAATT-1,1
CTGAAGTGTCTAGTGT-1,1
CTGATAGCACCACGTG-1,1
CTGATAGCAGCGTCCA-1,1
CTGATAGGTCGGCTCA-1,1
CTGATAGGTGGCTCCA-1,0
CTGATAGTCATCATTC-1,0
CTGATAGTCGGGAGTA-1,1
CTGATAGTCGGTCCGA-1,1
CTGATCCAGACTAAGT-1,1
CTGATCCAGTCCGTAT-1,1
CTGATCCAGTGTACGG-1,1
CTGATCCCAGTTCATG-1,1
CTGATCCGTGGCGAAT-1,0
CTGATCCTCCCTAACC-1,0
CTGCCTAAGGCAGTCA-1,1
CTGCCTAAGGTGCTTT-1,0
CTGCCTAAGTTCCACA-1,1
CTGCCTACAAGTCATC-1,1
CTGCCTACATCACGAT-1,1
CTGCCTACATCGGTTA-1,1
CTGCCTAGTCCAGTGC-1,1
CTGCCTATCATCATTC-1,0
CTGCCTATCGTGTAGT-1,1
CTGCGGAAGCAATATG-1,1
CTGCGGACAGTCACTA-1,0
CTGCGGAGTGCAGTAG-1,1
CTGCGGATCCCACTTG-1,1
CTGCTGTCACATGTGT-1,1
CTGCTGTCATCTGGTA-1,1
CTGCTGTCATTCGACA-1,0
CTGCTGTGTAAGCACG-1,0
CTGCTGTGTCTACCTC-1,0
CTGCTGTGTGCCTTGG-1,1
CTGCTGTTCGCTGATA-1,0
CTGCTGTTCTTTACAC-1,1
CTGGTCTAGAATCTCC-1,1
CTGGTCTAGTGGTAGC-1,1
CTGGTCTCAATCACAC-1,1
CTGGTCTCACAAGTAA-1,0
CTGGTCTGTGAGGCTA-1,1
CTGGTCTGTGGTTTCA-1,1
CTGGTCTGTTACGACT-1,1
CTGGTCTGTTCGTCTC-1,1
CTGTGCTAGAGCAATT-1,1
CTGTGCTCAATGGAAT-1,1
CTGTGCTTCACTTCAT-1,0
CTGTTTACAACACGCC-1,1
CTGTTTACAAGGTGTG-1,1
CTGTTTAGTGAGTATA-1,1
CTGTTTATCGCCAAAT-1,0
CTGTTTATCTAAGCCA-1,1
CTTAACTAGAGCAATT-1,1
CTTAACTAGCCTCGTG-1,1
CTTAACTAGTACGTAA-1,0
CTTAACTCACAGCCCA-1,0
CTTAACTGTCAGAGGT-1,1
CTTAACTTCGGCGCTA-1,1
CTTAACTTCTCCGGTT-1,1
CTTACCGAGAAAGTGG-1,1
CTTACCGAGGATGGAA-1,1
CTTACCGCAACACCCG-1,1
CTTACCGGTAGCGCTC-1,1
CTTACCGGTGCTTCTC-1,1
CTTAGGAAGACTAGAT-1,1
CTTAGGACAGTGGGAT-1,1
CTTAGGACATTCCTGC-1,1
CTTAGGATCACCTTAT-1,0
CTTCTCTAGATCTGAA-1,1
CTTCTCTAGCCTATGT-1,1
CTTCTCTAGGCAATTA-1,1
CTTCTCTAGGGCTTCC-1,1
CTTCTCTCAAGCTGAG-1,1
CTTCTCTCAGCGAACA-1,1
CTTCTCTGTGAGGGTT-1,1
CTTCTCTGTGCCTTGG-1,1
CTTCTCTGTTGGAGGT-1,1
CTTGGCTAGGACGAAA-1,1
CTTGGCTCAGGCTGAA-1,1
CTTGGCTCATGATCCA-1,1
CTTGGCTGTGTCGCTG-1,0
CTTTGCGAGGCAATTA-1,1
CTTTGCGAGGTCGGAT-1,1
CTTTGCGCAAGTTAAG-1,1
CTTTGCGCACCATGTA-1,0
CTTTGCGCACCGTTGG-1,0
CTTTGCGCAGAAGCAC-1,0
CTTTGCGCAGTAAGAT-1,1
CTTTGCGGTATTACCG-1,0
CTTTGCGGTCCGAGTC-1,1
CTTTGCGTCAAGAAGT-1,1
CTTTGCGTCTCTGCTG-1,0
GAAACTCAGAAACCAT-1,1
GAAACTCAGGAGTTGC-1,1
GAAACTCCACGAAAGC-1,1
GAAACTCCAGCTCGCA-1,1
GAAACTCCATCGGTTA-1,1
GAAACTCGTAGCGATG-1,1
GAAATGAAGATATGCA-1,1
GAAATGAAGGAATGGA-1,1
GAAATGAAGGATTCGG-1,1
GAAATGACAGCCTTTC-1,1
GAAATGAGTACGCTGC-1,1
GAAATGAGTCACAAGG-1,1
GAAATGAGTGAAATCA-1,1
GAAATGATCACGGTTA-1,0
GAAATGATCAGGTAAA-1,1
GAACATCAGAGCTTCT-1,0
GAACATCAGCCACTAT-1,1
GAACATCAGGTACTCT-1,1
GAACATCCAGCATACT-1,1
GAACATCTCCGTAGTA-1,1
GAACATCTCTGTCCGT-1,1
GAACCTAAGCTCCTTC-1,1
GAACCTACATGCGCAC-1,0
GAACCTAGTCACTTCC-1,0
GAACCTAGTCTCCATC-1,1
GAACCTATCGCCCTTA-1,1
GAACGGAAGACTAGGC-1,1
GAACGGAAGGCATTGG-1,1
GAACGGACAAATACAG-1,1
GAACGGACACATCCGG-1,1
GAACGGAGTCAACTGT-1,1
GAACGGAGTTAGTGGG-1,1
GAACGGATCCCTTGTG-1,1
GAAGCAGAGAATCTCC-1,1
GAAGCAGAGTCGTACT-1,1
GAAGCAGAGTTGTCGT-1,1
GAAGCAGCAAAGGAAG-1,1
GAAGCAGCAAGTAGTA-1,1
GAAGCAGCACATTTCT-1,1
GAAGCAGCAGGCTCAC-1,0
GAAGCAGGTAAGTGGC-1,1
GAAGCAGGTGAAGGCT-1,1
GAAGCAGGTTAAGATG-1,1
GAAGCAGGTTCAGTAC-1,1
GAAGCAGTCAACGCTA-1,1
GAAGCAGTCACCGTAA-1,1
GAAGCAGTCCCAACGG-1,0
GAAGCAGTCTTAACCT-1,1
GAATAAGCAACTTGAC-1,1
GAATAAGCAGTGACAG-1,1
GAATAAGTCAAACCAC-1,1
GAATAAGTCGGCTACG-1,1
GAATAAGTCTGCAAGT-1,1
GAATGAAAGAACTGTA-1,0
GAATGAAAGGACACCA-1,1
GAATGAAAGTGGGATC-1,0
GAATGAACATCCGGGT-1,1
GAATGAAGTACTCGCG-1,1
GAATGAAGTAGCGATG-1,1
GAATGAAGTCACTTCC-1,1
GAATGAAGTTGGACCC-1,1
GAATGAATCACCTCGT-1,1
GAATGAATCTGTCTCG-1,1
GACACGCAGAGTGAGA-1,1
GACACGCAGGTAGCCA-1,1
GACACGCCAACTGCGC-1,0
GACACGCCAGTGAGTG-1,1
GACACGCCATACTACG-1,1
GACACGCGTCCATCCT-1,0
GACACGCGTCTAACGT-1,0
GACAGAGAGTACGACG-1,0
GACAGAGCATACTACG-1,1
GACAGAGGTACACCGC-1,1
GACAGAGGTACTCAAC-1,1
GACAGAGGTCTCACCT-1,1
GACAGAGGTGCATCTA-1,1
GACAGAGGTTGGGACA-1,1
GACAGAGTCAGAGACG-1,1
GACCAATAGAGTACAT-1,0
GACCAATCAAGGGTCA-1,1
GACCAATCACCTGGTG-1,1
GACCAATCATTACCTT-1,1
GACCAATGTAGATTAG-1,1
GACCAATGTAGGCTGA-1,1
GACCAATGTATGAATG-1,1
GACCAATGTGCACCAC-1,1
GACCTGGAGCTGGAAC-1,1
GACCTGGCAGACAAAT-1,0
GACCTGGCAGGGTATG-1,1
GACCTGGCAGTAAGAT-1,0
GACCTGGGTGATGCCC-1,0
GACCTGGTCTGATACG-1,1
GACGCGTCACAGATTC-1,0
GACGCGTGTATAGTAG-1,1
GACGGCTAGACCACGA-1,1
GACGGCTCAGGATTGG-1,1
GACGGCTGTGTGCGTC-1,0
GACGGCTTCATATCGG-1,1
GACGGCTTCTGGCGAC-1,1
GACGTGCAGTGGAGTC-1,1
GACGTGCCACACATGT-1,1
GACGTGCTCACTTACT-1,1
GACGTTAAGACGACGT-1,1
GACGTTAAGGGTGTTG-1,0
GACGTTAAGGTGCACA-1,0
GACGTTACACCTATCC-1,1
GACGTTACAGTGGAGT-1,1
GACGTTAGTGTTGGGA-1,1
GACGTTAGTGTTTGGT-1,1
GACGTTATCTGCGACG-1,1
GACTAACAGTCTCCTC-1,1
GACTAACCACTATCTT-1,0
GACTAACGTCCGAGTC-1,0
GACTAACTCAGTCCCT-1,1
GACTAACTCTATGTGG-1,1
GACTAACTCTTCTGGC-1,1
GACTAACTCTTGTATC-1,1
GACTACAAGAGCAATT-1,1
GACTACACATCCCACT-1,1
GACTACACATTAGGCT-1,1
GACTACAGTTGGGACA-1,0
GACTACATCACATAGC-1,1
GACTACATCGCGTAGC-1,1
GACTGCGAGTCAAGCG-1,1
GACTGCGAGTGCCATT-1,0
GACTGCGAGTTCCACA-1,0
GACTGCGCACGCTTTC-1,1
GACTGCGCATAAGACA-1,1
GACTGCGGTCCTAGCG-1,1
GACTGCGGTTGGAGGT-1,1
GAGCAGAAGCCACCTG-1,1
GAGCAGAAGTTCGATC-1,1
GAGCAGAAGTTGTCGT-1,1
GAGCAGACACGAAGCA-1,1
GAGCAGACATGTTGAC-1,1
GAGCAGAGTACAGTTC-1,1
GAGCAGAGTCAGCTAT-1,1
GAGCAGAGTGAAATCA-1,1
GAGCAGAGTTAAGATG-1,1
GAGGTGAAGGCGTACA-1,1
GAGGTGACAATAAGCA-1,1
GAGGTGAGTGAAATCA-1,0
GAGGTGAGTGTGGTTT-1,1
GAGTCCGAGAACAACT-1,1
GAGTCCGAGTCAATAG-1,1
GAGTCCGAGTGCCATT-1,1
GAGTCCGCAACCGCCA-1,1
GAGTCCGGTAGATTAG-1,0
GATCAGTAGATCCCAT-1,1
GATCAGTAGGCATGTG-1,1
GATCAGTCAGCTGCAC-1,1
GATCAGTCATTCACTT-1,1
GATCAGTGTAAAGGAG-1,1
GATCAGTTCGATAGAA-1,1
GATCGATGTAGGACAC-1,1
GATCGATTCTAACGGT-1,0
GATCGCGAGACCGGAT-1,1
GATCGCGAGAGGTACC-1,1
GATCGCGAGTTAACGA-1,0
GATCGCGCAACACCTA-1,1
GATCGCGCACCACCAG-1,1
GATCGCGGTTCTGGTA-1,1
GATCGCGTCTATCCCG-1,1
GATCGTAAGCATGGCA-1,1
GATCGTAGTGAAAGAG-1,0
GATCTAGAGCTGGAAC-1,1
GATCTAGCAATGTAAG-1,1
GATCTAGCACAACGCC-1,0
GATCTAGCAGACGCAA-1,1
GATCTAGCAGGACGTA-1,1
GATCTAGCATGACGGA-1,0
GATCTAGCATGCCTTC-1,1
GATCTAGCATGGTCTA-1,1
GATCTAGGTCGTGGCT-1,0
GATGAAAAGATGGCGT-1,1
GATGAAAAGCCACCTG-1,1
GATGAAACAGTAAGAT-1,1
GATGAAAGTGAGTATA-1,0
GATGAAAGTTCGCTAA-1,0
GATGAAAGTTGGTTTG-1,1
GATGAAATCCCTCAGT-1,0
GATGAAATCGCCTGAG-1,1
GATGAAATCGGCATCG-1,1
GATGAGGAGAACTCGG-1,0
GATGAGGAGAATGTGT-1,0
GATGAGGAGAGAGCTC-1,1
GATGAGGAGGGCTCTC-1,1
GATGAGGCAATGTTGC-1,1
GATGAGGCATGAAGTA-1,0
GATGCTAAGCCCTAAT-1,1
GATGCTACAACTGCTA-1,0
GATGCTACAAGTAGTA-1,1
GATGCTACACGTAAGG-1,1
GATGCTACATCGGTTA-1,1
GATGCTAGTCATGCCG-1,1
GATGCTAGTGGCAAAC-1,1
GATGCTAGTTCCCTTG-1,1
GATGCTAGTTGGTGGA-1,1
GATGCTATCAACACTG-1,1
GATGCTATCACAACGT-1,0
GATTCAGAGACAGACC-1,1
GATTCAGGTCGCGAAA-1,0
GATTCAGTCCGCAAGC-1,1
GATTCAGTCCGCGCAA-1,1
GCAAACTAGATGTCGG-1,1
GCAAACTGTGCAGACA-1,1
GCAAACTGTTTGTTGG-1,0
GCAAACTTCGCCCTTA-1,0
GCAATCACACAGGCCT-1,1
GCAATCACACTCTGTC-1,1
GCAATCACAGACGCCT-1,1
GCAATCAGTCCGTGAC-1,1
GCACATAAGGCCCGTT-1,1
GCACATACACCATCCT-1,1
GCACATACAGCGTAAG-1,0
GCACATAGTCCATGAT-1,1
GCACATAGTCTCCATC-1,0
GCACATATCTTGCAAG-1,0
GCACTCTAGCACGCCT-1,1
GCACTCTCAATCGAAA-1,1
GCACTCTCACTGAAGG-1,1
GCACTCTCAGCTTAAC-1,1
GCACTCTCATGGTCAT-1,1
GCACTCTGTTAAGATG-1,1
GCACTCTTCACCCGAG-1,1
GCAGCCAAGACTTGAA-1,0
GCAGCCAAGCACGCCT-1,0
GCAGCCAAGCTAAACA-1,1
GCAGCCAAGTATGACA-1,1
GCAGCCAGTGAGCGAT-1,1
GCAGCCAGTGTTTGTG-1,1
GCAGCCAGTTCAGTAC-1,1
GCAGCCATCCGAGCCA-1,1
GCAGCCATCTTTACAC-1,0
GCAGTTACAAGTTCTG-1,1
GCAGTTACACAGGAGT-1,1
GCAGTTACACAGGCCT-1,0
GCAGTTACATGGATGG-1,1
GCAGTTAGTGCAGACA-1,1
GCATACAAGTACGCGA-1,1
GCATACACAAAGAATC-1,1
GCATACACAAGCCGCT-1,1
GCATACAGTAAGGGAA-1,1
GCATGATAGAAAGTGG-1,1
GCATGATAGAATCTCC-1,1
GCATGATAGTGAAGTT-1,1
GCATGATCACCACGTG-1,1
GCATGATGTAAGTGTA-1,1
GCATGATGTGGTCTCG-1,1
GCATGATGTTCTCATT-1,1
GCATGATTCAAGGTAA-1,0
GCATGATTCACGCGGT-1,0
GCATGATTCCTACAGA-1,1
GCATGCGAGAATCTCC-1,1
GCATGCGAGTCTCAAC-1,1
GCATGCGCACGCTTTC-1,1
GCATGCGGTCCTAGCG-1,0
GCATGTAAGATGGGTC-1,0
GCATGTAAGATTACCC-1,0
GCATGTAAGTGAACGC-1,0
GCATGTAAGTGGTCCC-1,0
GCATGTACACTCGACG-1,0
GCATGTAGTAGCGCAA-1,1
GCATGTAGTTTGCATG-1,1
GCATGTATCGCGTAGC-1,1
GCCAAATAGATCTGAA-1,0
GCCAAATCAGCTATTG-1,0
GCCAAATCATCATCCC-1,0
GCCAAATTCCACGTGG-1,1
GCCTCTAAGAGCTGGT-1,1
GCCTCTAAGTGAAGTT-1,1
GCCTCTACACCGAATT-1,1
GCCTCTATCTCTAAGG-1,1
GCGACCAAGCTAGTCT-1,0
GCGACCAAGTATGACA-1,1
GCGACCAAGTGCTGCC-1,0
GCGACCACAAAGCGGT-1,1
GCGACCACAACACCTA-1,1
GCGACCACACGGTGTC-1,1
GCGACCAGTGCACCAC-1,0
GCGACCATCCTTTCTC-1,1
GCGACCATCGGCGGTT-1,1
GCGACCATCTCAAACG-1,0
GCGAGAAAGACTAGGC-1,1
GCGAGAAAGCACGCCT-1,1
GCGAGAAAGGGCTTCC-1,1
GCGAGAAAGTTCGATC-1,1
GCGAGAACACAACGCC-1,1
GCGAGAACATTCCTGC-1,0
GCGAGAATCACATAGC-1,1
GCGAGAATCCTTTCGG-1,1
GCGAGAATCCTTTCTC-1,1
GCGCAACAGAAGGCCT-1,1
GCGCAACAGGCTCATT-1,1
GCGCAACGTCAACATC-1,1
GCGCAACGTCCCGACA-1,1
GCGCAACGTCGCATAT-1,1
GCGCAACTCAACGCTA-1,1
GCGCAGTAGCTAACAA-1,1
GCGCAGTAGTCAAGCG-1,1
GCGCAGTAGTGGACGT-1,1
GCGCAGTCAGGGCATA-1,1
GCGCAGTTCGCCTGAG-1,1
GCGCCAAAGATCTGAA-1,1
GCGCCAAAGCAGGTCA-1,1
GCGCCAAAGTAGCCGA-1,1
GCGCCAAAGTCGAGTG-1,1
GCGCCAAAGTTACGGG-1,1
GCGCCAACATTTCACT-1,1
GCGCCAAGTAAGTGGC-1,1
GCGCCAAGTAGCTGCC-1,1
GCGCCAAGTGTAATGA-1,1
GCGCCAATCAGGCCCA-1,1
GCGCGATAGGGTCTCC-1,1
GCGCGATCAAGCCATT-1,1
GCGCGATTCGCACTCT-1,0
GCGGGTTAGAGCCCAA-1,1
GCGGGTTAGCTCTCGG-1,1
GCGGGTTAGGGTATCG-1,1
GCGGGTTAGTCGTACT-1,1
GCGGGTTCAAGGACAC-1,1
GCGGGTTGTACGAAAT-1,1
GCGGGTTGTAGGCATG-1,1
GCGGGTTGTGTGCCTG-1,0
GCGGGTTTCGCCTGAG-1,0
GCGGGTTTCTCGATGA-1,1
GCTCCTAAGTGAAGTT-1,1
GCTCCTACATGCCTTC-1,0
GCTCCTAGTGCCTTGG-1,1
GCTCCTATCCGTCAAA-1,1
GCTCTGTAGGAACTGC-1,1
GCTCTGTCAATAGCGG-1,1
GCTCTGTGTTAGGGTG-1,1
GCTCTGTGTTCCTCCA-1,1
GCTCTGTGTTGTCTTT-1,1
GCTCTGTTCGAGCCCA-1,1
GCTCTGTTCGCAAGCC-1,1
GCTCTGTTCGTCTGCT-1,0
GCTCTGTTCTATCCCG-1,0
GCTCTGTTCTCGATGA-1,0
GCTGCAGCACGGTAAG-1,1
GCTGCAGGTACAGTGG-1,1
GCTGCAGGTATCACCA-1,1
GCTGCAGGTCGACTGC-1,1
GCTGCAGGTTACGTCA-1,0
GCTGCGAAGCATCATC-1,0
GCTGCGACACTGTTAG-1,1
GCTGCGAGTAGCAAAT-1,1
GCTGCGAGTGAGCGAT-1,1
GCTGCGATCGCTTAGA-1,1
GCTGCTTCATCTCCCA-1,1
GCTGCTTGTACAGTTC-1,1
GCTGCTTGTCCGAACC-1,1
GCTGCTTGTTCCACGG-1,1
GCTGCTTTCACAAACC-1,1
GCTGGGTAGCGACGTA-1,1
GCTGGGTAGCGCCTTG-1,1
GCTGGGTAGCTAGTCT-1,0
GCTGGGTAGGACACCA-1,1
GCTGGGTAGTCGCCGT-1,1
GCTGGGTAGTGCCAGA-1,0
GCTGGGTCAAGGTTTC-1,1
GCTGGGTCACGGCTAC-1,0
GCTGGGTCAGTCTTCC-1,0
GCTGGGTCATGCTGGC-1,1
GCTGGGTGTAGAGGAA-1,1
GCTGGGTGTAGCTTGT-1,1
GCTGGGTTCACTTACT-1,1
GCTGGGTTCGAACGGA-1,1
GCTTCCAAGGCCCTCA-1,1
GCTTCCAGTCGCTTCT-1,1
GCTTCCATCCGCATAA-1,1
GCTTCCATCGAATGCT-1,1
GCTTCCATCGCAAACT-1,0
GCTTGAAAGAGGGCTT-1,1
GCTTGAACAAGGTTCT-1,1
GCTTGAACACACGCTG-1,1
GCTTGAAGTACCGCTG-1,1
GCTTGAAGTAGAAGGA-1,1
GCTTGAAGTATTCGTG-1,0
GCTTGAAGTCAGATAA-1,1
GCTTGAATCGAATGCT-1,1
GCTTGAATCTCCAGGG-1,1
GGAAAGCAGACGCAAC-1,1
GGAAAGCAGAGTAATC-1,1
GGAAAGCAGTATTGGA-1,0
GGAAAGCAGTCACGCC-1,1
GGAAAGCCACATTTCT-1,1
GGAAAGCCAGGGTACA-1,1
GGAAAGCGTGAACCTT-1,1
GGAACTTAGGATATAC-1,0
GGAACTTCAGACGTAG-1,1
GGAACTTGTTGAACTC-1,1
GGAATAAAGCTCTCGG-1,1
GGAATAAAGGTGTGGT-1,1
GGAATAACATCACGTA-1,0
GGAATAAGTACCAGTT-1,1
GGAATAATCCGCAGTG-1,1
GGACAAGAGAGTAATC-1,1
GGACAAGGTAGCCTCG-1,0
GGACAAGTCAGAAATG-1,1
GGACAAGTCAGGTAAA-1,1
GGACAAGTCCTCAATT-1,0
GGACAAGTCGAGGTAG-1,1
GGACAGAAGGTACTCT-1,1
GGACAGACAGCTCGAC-1,1
GGACAGACATTCGACA-1,1
GGACAGAGTGCGCTTG-1,1
GGACAGAGTTATCCGA-1,1
GGACAGATCGGAGCAA-1,1
GGACATTAGCCGGTAA-1,1
GGACATTAGTCCGGTC-1,1
GGACATTAGTGGAGTC-1,1
GGACATTCAGTCGATT-1,1
GGACATTGTCAAAGCG-1,1
GGACATTGTCCAGTGC-1,1
GGACATTGTCGTGGCT-1,1
GGACATTTCCGAACGC-1,0
GGACATTTCCTTTACA-1,0
GGACATTTCTAACTCT-1,1
GGACGTCAGAGGTAGA-1,1
GGACGTCAGGCACATG-1,1
GGACGTCAGTATCTCG-1,0
GGACGTCCACGGTTTA-1,0
GGACGTCGTCGTTGTA-1,1
GGACGTCGTGCGATAG-1,1
GGACGTCGTGGTCTCG-1,1
GGACGTCTCACCTCGT-1,1
GGACGTCTCGGCGGTT-1,1
GGAGCAAAGCCACGCT-1,1
GGAGCAAAGGTGTGGT-1,1
GGAGCAACACAAGACG-1,1
GGAGCAAGTGTGCGTC-1,1
GGAGCAAGTTACCAGT-1,1
GGAGCAATCAGCGATT-1,1
GGAGCAATCATAGCAC-1,1
GGATGTTAGCCAGGAT-1,1
GGATGTTAGGAATCGC-1,0
GGATGTTAGTCCCACG-1,1
GGATGTTCACAGGAGT-1,1
GGATGTTGTACGCTGC-1,1
GGATGTTTCAACACTG-1,1
GGATGTTTCAGCATGT-1,1
GGATTACAGAGGTAGA-1,1
GGATTACAGCAATATG-1,1
GGATTACAGCGTAATA-1,1
GGATTACCATGTCTCC-1,0
GGATTACGTGGCAAAC-1,1
GGATTACGTTGCCTCT-1,1
GGCAATTAGGACACCA-1,1
GGCAATTCATAAGACA-1,1
GGCAATTCATGTCTCC-1,0
GGCAATTGTCTAGGTT-1,0
GGCAATTTCAGCTCTC-1,1
GGCCGATAGACGCTTT-1,1
GGCCGATAGGATGGAA-1,1
GGCCGATAGTAGATGT-1,1
GGCCGATGTGTGAATA-1,1
GGCCGATGTTATCCGA-1,1
GGCCGATGTTTGACAC-1,1
GGCCGATTCACATACG-1,0
GGCCGATTCTGTCTCG-1,1
GGCGACTAGCCCTAAT-1,1
GGCGACTAGCGTTGCC-1,1
GGCGACTCACGTCTCT-1,1
GGCGACTCAGCTGCTG-1,0
GGCGACTGTTCCACGG-1,1
GGCGACTTCAACACTG-1,1
GGCGACTTCTTTCCTC-1,1
GGCGTGTAGAGTGAGA-1,0
GGCGTGTAGTTTGCGT-1,1
GGCGTGTGTTATCACG-1,1
GGCTCGAAGAACAATC-1,1
GGCTCGAAGACTACAA-1,1
GGCTCGAGTCGGCACT-1,1
GGCTCGAGTGCATCTA-1,0
GGCTCGAGTTCGCTAA-1,0
GGCTGGTAGAGCAATT-1,1
GGCTGGTAGAGGTAGA-1,1
GGCTGGTCACATGACT-1,1
GGCTGGTCACGACGAA-1,1
GGCTGGTTCCGTAGTA-1,1
GGCTGGTTCGGTTCGG-1,1
GGGAATGAGCGTGAAC-1,1
GGGAATGAGGAGTACC-1,1
GGGAATGCAATGGAAT-1,1
GGGAATGCACATTTCT-1,1
GGGAATGGTGACGGTA-1,1
GGGAATGTCGGATGGA-1,1
GGGACCTAGGAATCGC-1,1
GGGACCTAGGCGACAT-1,1
GGGACCTCAAGCGAGT-1,1
GGGACCTCAAGGCTCC-1,1
GGGACCTCATTGGTAC-1,1
GGGACCTGTCTCACCT-1,0
GGGACCTGTGATGTGG-1,1
GGGACCTGTGGCCCTA-1,1
GGGAGATAGAGGACGG-1,0
GGGAGATCAGCCTTGG-1,1
GGGAGATCATGCCACG-1,1
GGGAGATGTCTGCAAT-1,1
GGGAGATTCATGTCTT-1,1
GGGATGAAGTCGAGTG-1,1
GGGATGACATCTACGA-1,1
GGGCACTCACACGCTG-1,1
GGGCACTCAGACGCCT-1,1
GGGCACTGTACCGTAT-1,0
GGGCACTGTCCTGCTT-1,0
GGGCACTTCACCACCT-1,0
GGGCACTTCAGCAACT-1,1
GGGCACTTCCCAAGAT-1,1
GGGCATCAGCCAGAAC-1,1
GGGCATCCAATGTAAG-1,0
GGGCATCCAGATCGGA-1,0
GGGCATCCATACCATG-1,1
GGGCATCGTCGCTTCT-1,0
GGGCATCGTTACGCGC-1,0
GGGCATCGTTCCATGA-1,1
GGGCATCTCACCCGAG-1,1
GGGCATCTCCTATGTT-1,1
GGGCATCTCGTTGCCT-1,1
GGGTCTGAGAAGGTGA-1,1
GGGTCTGAGCCAGTTT-1,0
GGGTCTGCAGTCGATT-1,1
GGGTCTGCATGTCCTC-1,1
GGGTCTGGTATTCTCT-1,0
GGGTCTGGTGTTCGAT-1,1
GGGTCTGTCTCCGGTT-1,0
GGGTCTGTCTGATACG-1,1
GGGTTGCAGATCCCGC-1,1
GGGTTGCCACAGATTC-1,1
GGGTTGCCATATGAGA-1,0
GGGTTGCGTCCAGTTA-1,1
GGGTTGCTCAAACGGG-1,1
GGGTTGCTCGAGAACG-1,0
GGGTTGCTCGTCTGCT-1,0
GGTATTGCAATGAATG-1,0
GGTATTGCATGTAGTC-1,1
GGTATTGGTAAGTGTA-1,1
GGTATTGTCTCAACTT-1,0
GGTGAAGAGGTAGCCA-1,0
GGTGAAGCAATAAGCA-1,0
GGTGAAGCATCCAACA-1,0
GGTGAAGCATGTTGAC-1,0
GGTGCGTAGTGCGTGA-1,0
GGTGCGTCAAGCGATG-1,1
GGTGCGTCACCATCCT-1,1
GGTGCGTCACGCGAAA-1,0
GGTGCGTCATCGGAAG-1,0
GGTGCGTGTCCGCTGA-1,0
GGTGCGTGTCTAGCGC-1,0
GGTGCGTGTGTGAATA-1,1
GGTGCGTTCCAAAGTC-1,1
GGTGTTAAGACTTGAA-1,0
GGTGTTAAGGCGCTCT-1,0
GGTGTTACAAGCCGCT-1,1
GGTGTTACACGGTGTC-1,0
GGTGTTACAGTAACGG-1,0
GGTGTTAGTATAGGGC-1,1
GGTGTTAGTCAGATAA-1,1
GGTGTTAGTGAGGGAG-1,0
GGTGTTAGTTAAAGAC-1,0
GTAACGTAGACCACGA-1,0
GTAACGTAGTGAATTG-1,1
GTAACGTCATGTTCCC-1,1
GTAACGTGTAAACGCG-1,1
GTAACGTGTCCGACGT-1,1
GTAACGTTCACGCGGT-1,1
GTAACTGCATGCCCGA-1,0
GTAACTGTCGGTCCGA-1,1
GTAACTGTCTGCGGCA-1,1
GTACGTACAAGAAAGG-1,0
GTACGTAGTCGAACAG-1,0
GTACGTATCAGGCCCA-1,1
GTACGTATCGACAGCC-1,1
GTACGTATCGTAGATC-1,1
GTACTCCAGTACACCT-1,1
GTACTCCCACTAAGTC-1,1
GTACTCCTCCCGGATG-1,1
GTACTTTAGTTGTCGT-1,1
GTACTTTCAATGGAAT-1,0
GTACTTTCACCTGGTG-1,1
GTACTTTCAGTCAGAG-1,1
GTACTTTCATAAAGGT-1,0
GTACTTTGTAAACGCG-1,1
GTACTTTGTCTACCTC-1,1
GTACTTTGTGACGGTA-1,1
GTACTTTGTGTTGAGG-1,1
GTACTTTTCAACTCTT-1,1
GTAGGCCAGCGTTCCG-1,1
GTAGGCCAGCGTTTAC-1,0
GTAGGCCCAGAGTGTG-1,1
GTAGGCCGTACCGTAT-1,0
GTAGGCCGTCATTAGC-1,0
GTAGTCAAGGCTATCT-1,1
GTAGTCACAAATACAG-1,1
GTAGTCACACACCGCA-1,1
GTAGTCACAGCAGTTT-1,0
GTAGTCATCACCTTAT-1,1
GTAGTCATCATGTGGT-1,1
GTATCTTAGCTAGTTC-1,1
GTATCTTTCAGAGCTT-1,0
GTATCTTTCTTGCAAG-1,1
GTATTCTAGTACGCGA-1,1
GTATTCTCATGACGGA-1,1
GTATTCTGTAAATGTG-1,0
GTATTCTTCGTGGGAA-1,1
GTCAAGTCATCGGACC-1,0
GTCAAGTCATGTAGTC-1,1
GTCAAGTTCCTTAATC-1,0
GTCAAGTTCGACCAGC-1,1
GTCAAGTTCTGCGGCA-1,0
GTCACAAAGAGATGAG-1,1
GTCACAACAGTTCATG-1,0
GTCACAATCACATAGC-1,0
GTCACAATCAGCACAT-1,1
GTCACAATCCAGAGGA-1,0
GTCACGGAGATATGCA-1,1
GTCACGGCATGCCTAA-1,1
GTCATTTCAAACTGTC-1,0
GTCATTTCAGCGATCC-1,1
GTCATTTCAGTCACTA-1,1
GTCATTTGTCCTGCTT-1,1
GTCATTTGTGCGATAG-1,1
GTCATTTTCTGGCGAC-1,0
GTCCTCAAGAGCCCAA-1,1
GTCCTCAAGGATCGCA-1,0
GTCCTCACAGCGTCCA-1,1
GTCCTCACAGTATCTG-1,1
GTCCTCAGTCACACGC-1,1
GTCCTCAGTTATCGGT-1,1
GTCCTCATCGCATGGC-1,1
GTCGGGTAGAGGGATA-1,1
GTCGGGTCATGGTCTA-1,1
GTCGGGTCATTAACCG-1,0
GTCGGGTGTAGGCTGA-1,0
GTCGGGTGTAGTAGTA-1,1
GTCGGGTGTGCATCTA-1,1
GTCGGGTGTGTGGTTT-1,1
GTCGGGTGTTATCGGT-1,1
GTCGTAAAGGTAGCTG-1,1
GTCGTAACAATGAATG-1,1
GTCGTAACACAGAGGT-1,0
GTCGTAAGTTCAGGCC-1,1
GTCTCGTAGCTAGGCA-1,1
GTCTCGTCAAGAGTCG-1,1
GTCTCGTCATGCGCAC-1,1
GTCTCGTGTGACGCCT-1,0
GTCTCGTGTTCCATGA-1,1
GTCTCGTTCTATCGCC-1,1
GTCTTCGAGATGCCAG-1,1
GTCTTCGAGGTAGCTG-1,1
GTCTTCGCACCACGTG-1,0
GTCTTCGGTCTGGTCG-1,1
GTCTTCGTCACCAGGC-1,1
GTCTTCGTCATAACCG-1,1
GTGAAGGAGAATGTGT-1,1
GTGAAGGGTACCCAAT-1,0
GTGAAGGTCAAACCAC-1,1
GTGAAGGTCTGTTGAG-1,1
GTGCAGCCACTGCCAG-1,1
GTGCAGCGTAACGTTC-1,1
GTGCAGCGTACGACCC-1,1
GTGCAGCTCCGATATG-1,1
GTGCATAAGATGGCGT-1,0
GTGCATAAGCTGTTCA-1,0
GTGCATACAGCTGGCT-1,1
GTGCATATCGCCCTTA-1,1
GTGCGGTAGGCTCTTA-1,1
GTGCGGTAGTGTTTGC-1,1
GTGCGGTCATACTCTT-1,1
GTGCGGTGTGAAATCA-1,0
GTGCGGTGTGTAAGTA-1,1
GTGCGGTTCCCAGGTG-1,1
GTGCGGTTCCCTTGCA-1,0
GTGCTTCCACGACGAA-1,0
GTGCTTCCACGGCTAC-1,1
GTGCTTCCATATGGTC-1,1
GTGCTTCGTCAGAATA-1,1
GTGCTTCGTGATGTCT-1,1
GTGCTTCGTGCAACTT-1,1
GTGCTTCGTTGTACAC-1,1
GTGCTTCTCAATCACG-1,1
GTGGGTCCACGGCCAT-1,1
GTGGGTCCAGGACGTA-1,1
GTGGGTCCATGAACCT-1,1
GTGGGTCGTCTCAACA-1,0
GTGGGTCTCACAAACC-1,0
GTGTGCGAGTGCGTGA-1,0
GTGTGCGCACTAAGTC-1,1
GTGTGCGCAGCGATCC-1,0
GTGTGCGGTTAGTGGG-1,1
GTGTGCGTCAACTCTT-1,1
GTGTTAGAGCCATCGC-1,1
GTGTTAGCAAGACGTG-1,0
GTGTTAGCACGAAAGC-1,1
GTGTTAGCACTGTGTA-1,1
GTGTTAGGTAAATGTG-1,1
GTGTTAGGTAGCGTGA-1,1
GTGTTAGGTTATCGGT-1,1
GTTAAGCAGCGTTTAC-1,1
GTTAAGCAGGCGTACA-1,1
GTTAAGCCAAGCGATG-1,0
GTTAAGCCACCTCGGA-1,0
GTTAAGCCATCTATGG-1,0
GTTAAGCCATGAGCGA-1,1
GTTAAGCGTACCTACA-1,0
GTTAAGCGTACTTAGC-1,0
GTTAAGCGTCGCATAT-1,0
GTTAAGCGTCTGCCAG-1,1
GTTAAGCGTTGTTTGG-1,1
GTTAAGCTCACCCGAG-1,1
GTTAAGCTCTAGCACA-1,0
GTTACAGAGAAAGTGG-1,1
GTTACAGAGATGAGAG-1,1
GTTACAGCAAATTGCC-1,1
GTTACAGCACCGAATT-1,1
GTTACAGTCAACGGGA-1,1
GTTACAGTCTGGAGCC-1,1
GTTCATTAGATGGGTC-1,1
GTTCATTAGCCACCTG-1,0
GTTCATTAGTGGGATC-1,1
GTTCATTCAGGAATCG-1,1
GTTCATTGTACGAAAT-1,1
GTTCGGGCAATACGCT-1,1
GTTCGGGTCTGCCAGG-1,0
GTTCTCGAGCCTTGAT-1,1
GTTCTCGAGCTAGTCT-1,1
GTTCTCGGTACCCAAT-1,1
GTTCTCGGTCGCGAAA-1,1
GTTCTCGGTGCCTTGG-1,1
GTTCTCGGTTCGGCAC-1,1
GTTTCTAAGAGGGATA-1,0
GTTTCTACAACTGCGC-1,1
GTTTCTACAGATTGCT-1,1
GTTTCTACATCACCCT-1,1
GTTTCTACATTAACCG-1,1
GTTTCTATCACATAGC-1,1
GTTTCTATCATCACCC-1,1
TAAACCGCACGAGAGT-1,0
TAAACCGCATTTGCCC-1,1
TAAACCGTCATGCTCC-1,1
TAAACCGTCCGCATAA-1,0
TAAACCGTCGTCTGAA-1,1
TAAGAGAAGCGTGAAC-1,1
TAAGAGACACGGCGTT-1,1
TAAGAGACAGGGTATG-1,1
TAAGAGACATTTCACT-1,1
TAAGAGAGTCGAAAGC-1,1
TAAGAGAGTGTGCGTC-1,1
TAAGAGATCAACCATG-1,1
TAAGAGATCTAACTGG-1,1
TAAGCGTAGTCCCACG-1,1
TAAGCGTGTAAGAGGA-1,0
TAAGCGTGTGGTTTCA-1,1
TAAGCGTGTGTCGCTG-1,1
TAAGCGTTCACTTCAT-1,1
TAAGCGTTCCCAAGAT-1,0
TAAGCGTTCGGTGTTA-1,1
TAAGTGCCAGCGTCCA-1,1
TAAGTGCGTGTGCCTG-1,0
TAAGTGCTCAGGCGAA-1,1
TAAGTGCTCCTCTAGC-1,1
TAAGTGCTCTGCGGCA-1,1
TAAGTGCTCTTCCTTC-1,1
TACACGACAATGGAGC-1,1
TACACGAGTGCTGTAT-1,0
TACACGATCACGATGT-1,1
TACAGTGAGATGTGTA-1,1
TACAGTGAGCATCATC-1,1
TACAGTGAGCTAGCCC-1,0
TACAGTGCATTCTTAC-1,1
TACAGTGGTCCGAACC-1,1
TACAGTGGTCGCATAT-1,0
TACAGTGGTCGTGGCT-1,1
TACAGTGGTTACGGAG-1,1
TACAGTGTCACCGTAA-1,0
TACCTATAGAGGTACC-1,1
TACCTATGTGATGTGG-1,1
TACCTATGTGTCGCTG-1,1
TACCTATGTGTGACCC-1,1
TACCTATTCGTCCGTT-1,1
TACCTATTCTATCCTA-1,1
TACCTATTCTCGTATT-1,1
TACCTTACAAGTTAAG-1,0
TACCTTACACATGACT-1,1
TACCTTACAGCCAGAA-1,1
TACCTTACAGTCGTGC-1,1
TACCTTAGTTCCGTCT-1,1
TACCTTATCTTCCTTC-1,1
TACGGATAGGTCGGAT-1,1
TACGGATCAATCAGAA-1,1
TACGGATCAATGTTGC-1,0
TACGGATCATCTCGCT-1,1
TACGGATGTCTGGAGA-1,1
TACGGATTCCAAGTAC-1,1
TACGGATTCCCAGGTG-1,1
TACGGATTCGCCAAAT-1,0
TACGGATTCGGACAAG-1,1
TACGGATTCTAGCACA-1,1
TACGGGCAGAGAACAG-1,1
TACGGGCAGCAAATCA-1,1
TACGGGCAGGACACCA-1,0
TACGGGCAGTAGATGT-1,0
TACGGGCCAAGCTGTT-1,1
TACGGGCGTCCAGTGC-1,1
TACGGTAAGACCCACC-1,1
TACGGTAAGAGACTAT-1,1
TACGGTAAGCGATAGC-1,1
TACGGTAAGGGCTTCC-1,0
TACGGTAAGTGTCTCA-1,1
TACGGTAGTCATATGC-1,1
TACGGTAGTTCATGGT-1,1
TACGGTAGTTCGGGCT-1,1
TACGGTATCAGCATGT-1,1
TACGGTATCCAACCAA-1,1
TACGGTATCTCAAACG-1,1
TACGGTATCTCCCTGA-1,0
TACTCATCAATCCAAC-1,1
TACTCATCAGCAGTTT-1,1
TACTCATGTAAACCTC-1,1
TACTCGCCAATGGATA-1,1
TACTCGCCACAACTGT-1,1
TACTCGCCACACCGCA-1,1
TACTCGCGTCACTTCC-1,0
TACTCGCGTGTCAATC-1,1
TACTCGCTCACTGGGC-1,1
TACTCGCTCAGTGTTG-1,1
TACTTACAGATAGTCA-1,1
TACTTACAGATCTGCT-1,1
TACTTACAGGCAATTA-1,0
TACTTACAGGGTTTCT-1,1
TACTTACAGGTGCAAC-1,1
TACTTACCATGTCGAT-1,0
TACTTACGTCATCCCT-1,1
TACTTGTAGTAAGTAC-1,1
TACTTGTCAGGCTCAC-1,1
TACTTGTGTCGCGTGT-1,0
TACTTGTGTGTAACGG-1,1
TACTTGTGTTTGGGCC-1,1
TACTTGTTCATAGCAC-1,1
TACTTGTTCCTTGACC-1,1
TACTTGTTCTGATTCT-1,1
TAGACCAAGCCTCGTG-1,1
TAGACCAGTTGGACCC-1,1
TAGACCATCTCAAACG-1,0
TAGAGCTAGGACACCA-1,1
TAGAGCTCAGTACACT-1,1
TAGCCGGAGAGCTTCT-1,0
TAGCCGGAGTGGTCCC-1,0
TAGCCGGGTGTAATGA-1,1
TAGCCGGGTTCCACAA-1,1
TAGCCGGGTTGTACAC-1,1
TAGCCGGTCAACACAC-1,1
TAGCCGGTCCGCTGTT-1,1
TAGCCGGTCGCGATCG-1,0
TAGCCGGTCGCTTGTC-1,0
TAGGCATAGAGTGACC-1,1
TAGGCATAGCCAACAG-1,1
TAGGCATAGTCCGTAT-1,1
TAGGCATAGTTTCCTT-1,1
TAGGCATCAAGTTCTG-1,1
TAGGCATCACAGAGGT-1,0
TAGGCATCACATCCAA-1,0
TAGGCATCATCAGTCA-1,1
TAGGCATGTAATCGTC-1,1
TAGGCATTCACCACCT-1,1
TAGGCATTCCTATTCA-1,1
TAGGCATTCTCGTTTA-1,1
TAGTGGTAGGACACCA-1,1
TAGTGGTCATTGGGCC-1,1
TAGTGGTGTGAAATCA-1,1
TAGTGGTGTGCGGTAA-1,1
TAGTGGTGTTGTTTGG-1,1
TAGTGGTTCAACGCTA-1,1
TAGTGGTTCCCTTGCA-1,1
TAGTTGGAGGTAGCTG-1,1
TAGTTGGCACCCATGG-1,0
TAGTTGGCATGAACCT-1,1
TATCAGGAGGGAGTAA-1,1
TATCAGGAGTCCCACG-1,1
TATCAGGAGTGCGTGA-1,1
TATCAGGCATGCGCAC-1,1
TATCAGGGTCATATCG-1,1
TATCAGGGTTGTGGCC-1,1
TATCAGGTCTGCCAGG-1,0
TATCTCAGTATGAATG-1,0
TATCTCAGTTACAGAA-1,1
TATCTCAGTTCGCGAC-1,1
TATCTCATCAGTACGT-1,0
TATCTCATCCACGACG-1,1
TATGCCCAGAAGGTGA-1,0
TATGCCCAGAATGTTG-1,1
TATGCCCAGAATTGTG-1,0
TATGCCCCACCAGATT-1,1
TATGCCCCAGGGATTG-1,1
TATGCCCCAGTAAGAT-1,1
TATGCCCGTCATCGGC-1,0
TATGCCCGTCCTAGCG-1,1
TATGCCCTCATTGCCC-1,1
TATGCCCTCCATGAGT-1,1
TATTACCAGATGCCAG-1,1
TATTACCCAAAGGCGT-1,1
TATTACCCACGAAGCA-1,1
TATTACCCAGGGAGAG-1,1
TCAACGAAGTCTCAAC-1,1
TCAACGACATGGGAAC-1,1
TCAACGAGTCAGTGGA-1,1
TCAACGAGTTGGGACA-1,1
TCAACGATCCACGTGG-1,0
TCAATCTAGAAACCTA-1,1
TCAATCTCAATTCCTT-1,1
TCAATCTCATGCATGT-1,1
TCAATCTGTACAGCAG-1,1
TCAATCTGTACTTGAC-1,1
TCAATCTGTGTGAATA-1,0
TCAATCTTCAACGAAA-1,1
TCAATCTTCCCTCTTT-1,1
TCAATCTTCCTGCTTG-1,1
TCAATCTTCTCTGCTG-1,1
TCACAAGAGTGGGCTA-1,1
TCACAAGCAAGGTGTG-1,1
TCACAAGGTACCAGTT-1,0
TCACAAGGTGTTGAGG-1,1
TCACGAAAGAGTTGGC-1,1
TCACGAAAGCCGATTT-1,0
TCACGAAAGCTACCTA-1,0
TCACGAAAGTCTCAAC-1,0
TCACGAAAGTGTACTC-1,1
TCACGAACAGACTCGC-1,1
TCACGAAGTAAGAGGA-1,1
TCACGAAGTGGTTTCA-1,1
TCACGAATCCCAAGAT-1,1
TCAGATGGTAGTGAAT-1,0
TCAGATGGTCTTCGTC-1,0
TCAGATGTCCTTGACC-1,1
TCAGATGTCGCAAACT-1,1
TCAGATGTCGGAAACG-1,1
TCAGATGTCTTCTGGC-1,1
TCAGCAAAGACGCAAC-1,0
TCAGCAAAGCTCCCAG-1,1
TCAGCAAAGTGCCAGA-1,0
TCAGCAACACGACGAA-1,1
TCAGCAACAGGTGGAT-1,1
TCAGCAACAGTCGTGC-1,1
TCAGCAACATGACGGA-1,1
TCAGCAACATGTCGAT-1,1
TCAGCAAGTCTGATTG-1,1
TCAGCAATCAGCCTAA-1,1
TCAGCAATCAGTTGAC-1,1
TCAGCTCCACTTACGA-1,1
TCAGCTCGTTCAGTAC-1,1
TCAGCTCTCCGTAGGC-1,1
TCAGCTCTCTGATTCT-1,1
TCAGGATAGTCGATAA-1,1
TCAGGATCAAATTGCC-1,1
TCAGGATCAAGCGTAG-1,0
TCAGGATCATGCTAGT-1,1
TCAGGATGTTAGATGA-1,1
TCAGGATTCCGCGCAA-1,1
TCAGGTAAGAGCTTCT-1,1
TCAGGTAAGGGTGTTG-1,1
TCAGGTACAAGTACCT-1,1
TCAGGTACATCAGTCA-1,1
TCAGGTAGTAGCAAAT-1,1
TCAGGTAGTGGCCCTA-1,1
TCAGGTAGTTAGAACA-1,1
TCAGGTATCGTAGGAG-1,0
TCAGGTATCTTTCCTC-1,1
TCATTACCAAGCCGCT-1,0
TCATTACCAGCTCGCA-1,1
TCATTACGTAGGGACT-1,0
TCATTACGTCCAGTAT-1,1
TCATTACGTTGTCTTT-1,0
TCATTACTCTAACTTC-1,1
TCATTACTCTGTCCGT-1,0
TCATTTGAGTAAGTAC-1,0
TCATTTGCACGGCCAT-1,1
TCATTTGCACGGCGTT-1,1
TCATTTGGTAGCTCCG-1,1
TCCACACAGAGTTGGC-1,1
TCCACACAGTCGATAA-1,1
TCCACACGTCGACTGC-1,1
TCCACACTCCGTAGGC-1,1
TCCACACTCGGTCCGA-1,1
TCCCGATAGCGTGAAC-1,1
TCCCGATTCAATCTCT-1,1
TCGAGGCAGGGCACTA-1,1
TCGAGGCAGTCTTGCA-1,1
TCGAGGCGTAGCCTCG-1,1
TCGAGGCGTCATGCCG-1,0
TCGAGGCGTCGCGAAA-1,1
TCGAGGCGTTGTACAC-1,1
TCGAGGCTCAGTTTGG-1,0
TCGAGGCTCGGTTAAC-1,1
TCGCGAGAGACATAAC-1,1
TCGCGAGAGCATCATC-1,1
TCGCGAGAGTGGTAAT-1,1
TCGCGAGCAAAGGCGT-1,1
TCGCGAGCACAAGACG-1,1
TCGCGAGGTCGATTGT-1,0
TCGCGAGGTCTAGTGT-1,1
TCGCGAGGTGAACCTT-1,1
TCGCGAGTCTGGGCCA-1,1
TCGCGTTCAATCAGAA-1,0
TCGCGTTCAGACGCTC-1,1
TCGCGTTCAGGTGGAT-1,1
TCGCGTTGTGGTAACG-1,1
TCGCGTTTCACTATTC-1,1
TCGCGTTTCCACTCCA-1,0
TCGCGTTTCTACGAGT-1,1
TCGGGACAGCTGATAA-1,0
TCGGGACGTCTCGTTC-1,1
TCGGGACTCCTTGCCA-1,0
TCGGTAAAGTGAAGTT-1,1
TCGGTAAAGTGCTGCC-1,1
TCGGTAACACCAGCAC-1,1
TCGGTAACACTTAACG-1,1
TCGGTAACATAGACTC-1,1
TCGGTAAGTACTCTCC-1,1
TCGGTAAGTTGCCTCT-1,1
TCGGTAATCACAAACC-1,1
TCGTACCAGACTTTCG-1,0
TCGTACCCACGACTCG-1,1
TCGTACCCACTGAAGG-1,1
TCGTACCCATGACATC-1,0
TCGTACCGTAAATGTG-1,0
TCGTACCGTCCAACTA-1,1
TCGTACCTCACATACG-1,1
TCGTACCTCACTTCAT-1,1
TCGTAGAAGCAATATG-1,1
TCGTAGACAAGTAGTA-1,1
TCGTAGACACAAGCCC-1,1
TCGTAGACACAGGCCT-1,1
TCGTAGAGTAGCACGA-1,0
TCGTAGAGTCAAAGCG-1,1
TCGTAGAGTGAGGCTA-1,0
TCGTAGATCAGCATGT-1,1
TCGTAGATCGTGGTCG-1,0
TCTATTGAGATAGCAT-1,1
TCTATTGGTACCTACA-1,0
TCTATTGGTGCGAAAC-1,0
TCTATTGGTGCTGTAT-1,0
TCTATTGGTGTTTGTG-1,1
TCTATTGTCCGTTGTC-1,1
TCTATTGTCGCATGAT-1,1
TCTATTGTCGTGGACC-1,0
TCTATTGTCTTTAGTC-1,0
TCTCATAAGAACAATC-1,0
TCTCATAGTAAATGTG-1,0
TCTCTAACAAGTCTGT-1,0
TCTCTAACACAGCCCA-1,1
TCTCTAACACGGTAAG-1,1
TCTCTAAGTCTAGTGT-1,1
TCTCTAATCATTTGGG-1,1
TCTCTAATCCAACCAA-1,1
TCTCTAATCCCTAATT-1,1
TCTCTAATCCGGCACA-1,1
TCTCTAATCGTGACAT-1,1
TCTGAGAAGGCTCAGA-1,1
TCTGAGAAGTCAAGGC-1,1
TCTGAGAAGTGGCACA-1,1
TCTGAGACACCGGAAA-1,1
TCTGAGAGTGCCTGCA-1,1
TCTGAGATCGCGTAGC-1,1
TCTGGAAAGGCAATTA-1,1
TCTGGAAAGTGAACAT-1,0
TCTGGAACAATGTAAG-1,1
TCTGGAACATAGTAAG-1,1
TCTGGAACATCACGAT-1,1
TCTGGAAGTAAATGTG-1,1
TCTGGAAGTGTTTGTG-1,1
TCTGGAATCTGCCCTA-1,1
TCTTCGGGTAGAAGGA-1,0
TCTTCGGGTCTTGTCC-1,1
TCTTCGGGTGTGCCTG-1,1
TCTTCGGTCAGTCCCT-1,1
TCTTTCCAGCCAACAG-1,1
TCTTTCCAGGCAAAGA-1,1
TCTTTCCAGTTCCACA-1,0
TCTTTCCCACTGTGTA-1,1
TCTTTCCGTCTAAAGA-1,0
TCTTTCCTCCTCCTAG-1,0
TGAAAGAAGGTTCCTA-1,1
TGAAAGACACGGCCAT-1,1
TGAAAGAGTGAACCTT-1,1
TGAAAGAGTTCTGTTT-1,0
TGAAAGATCAGTTGAC-1,0
TGAAAGATCATCGGAT-1,1
TGAAAGATCGGTCTAA-1,0
TGACAACCACCTCGTT-1,0
TGACAACCACTCGACG-1,1
TGACAACCACTTACGA-1,1
TGACGGCAGATCCCGC-1,1
TGACGGCAGGAGTACC-1,0
TGACGGCAGTGGAGAA-1,1
TGACGGCCAATCCGAT-1,1
TGACGGCCACGAAACG-1,0
TGACGGCCAGCTGGCT-1,1
TGACGGCCATAGGATA-1,1
TGACGGCTCAAAGTAG-1,1
TGACGGCTCAACCAAC-1,0
TGACGGCTCGAGCCCA-1,1
TGACTAGAGTCTCAAC-1,0
TGACTAGCAAACTGTC-1,0
TGACTAGCAATCTACG-1,1
TGACTAGCACGGTGTC-1,0
TGACTAGTCCACGAAT-1,1
TGACTAGTCCCATTAT-1,0
TGACTAGTCGGGAGTA-1,1
TGACTTTAGAGTTGGC-1,1
TGACTTTAGTGGTCCC-1,1
TGACTTTGTAAATACG-1,1
TGACTTTGTATCAGTC-1,1
TGACTTTGTCGGCTCA-1,1
TGACTTTGTTCTGAAC-1,1
TGACTTTTCCGTCATC-1,0
TGACTTTTCTGCTGTC-1,0
TGAGAGGAGGACGAAA-1,1
TGAGAGGCAAGCCATT-1,1
TGAGAGGGTCTCAACA-1,1
TGAGAGGGTTCGCTAA-1,1
TGAGCATAGTTAGCGG-1,1
TGAGCATCAGCCACCA-1,1
TGAGCCGCACCAGCAC-1,1
TGAGCCGCACTTACGA-1,1
TGAGCCGCATCATCCC-1,1
TGAGCCGCATTCTCAT-1,1
TGAGCCGGTCCCGACA-1,1
TGAGCCGGTGCCTGGT-1,0
TGAGCCGTCTCCCTGA-1,1
TGAGGGAAGAGTTGGC-1,1
TGAGGGAAGATCCGAG-1,1
TGAGGGAAGGACCACA-1,1
TGAGGGAAGGTGCACA-1,1
TGAGGGAAGTGATCGG-1,1
TGAGGGATCTGCTTGC-1,1
TGATTTCAGAATTGTG-1,1
TGATTTCCACAGCGTC-1,1
TGATTTCCATCAGTAC-1,1
TGATTTCGTACAGCAG-1,0
TGATTTCGTCAATACC-1,1
TGATTTCGTCATATGC-1,1
TGATTTCGTCGACTGC-1,0
TGATTTCGTCGCTTCT-1,1
TGATTTCGTTAGATGA-1,1
TGATTTCTCAGGCCCA-1,1
TGATTTCTCGCATGGC-1,1
TGCACCTAGGCAGGTT-1,1
TGCACCTAGGCGATAC-1,1
TGCACCTAGTGTTGAA-1,1
TGCACCTCAAACGCGA-1,0
TGCACCTGTACCGAGA-1,1
TGCACCTGTGCAGACA-1,1
TGCACCTGTTCAGTAC-1,0
TGCACCTTCAGTTTGG-1,1
TGCCAAAAGCAGGTCA-1,1
TGCCAAAAGCTGTCTA-1,0
TGCCAAAAGTGAACAT-1,1
TGCCAAAAGTGTCCAT-1,1
TGCCAAAGTACTCTCC-1,0
TGCCAAAGTAGGGACT-1,1
TGCCAAAGTTCCCTTG-1,1
TGCCAAATCGAATGCT-1,1
TGCCAAATCGATAGAA-1,1
TGCCAAATCTCGGACG-1,1
TGCCCATGTCCGTGAC-1,1
TGCCCATGTTGGTAAA-1,1
TGCCCATTCATTGCCC-1,0
TGCCCATTCGGTGTCG-1,0
TGCCCATTCGTAGATC-1,1
TGCCCATTCTTCGGTC-1,1
TGCCCTAAGTTAGGTA-1,1
TGCCCTACATGCTAGT-1,0
TGCCCTATCATGGTCA-1,1
TGCCCTATCCAAGTAC-1,0
TGCCCTATCTATCCCG-1,1
TGCGCAGAGGACGAAA-1,0
TGCGCAGAGGCTATCT-1,1
TGCGCAGAGGGTGTTG-1,1
TGCGCAGCAACTGGCC-1,1
TGCGCAGCATATGGTC-1,0
TGCGGGTAGATCCCAT-1,1
TGCGGGTAGCGATAGC-1,0
TGCGGGTAGGGTCGAT-1,1
TGCGGGTCAAAGGAAG-1,1
TGCGGGTCAAGCGTAG-1,1
TGCGGGTGTTTCGCTC-1,1
TGCGGGTTCCGAATGT-1,1
TGCGGGTTCGAACGGA-1,1
TGCGGGTTCGCGTAGC-1,0
TGCGGGTTCGTCTGCT-1,0
TGCGTGGAGCACCGCT-1,1
TGCGTGGCACGTCTCT-1,0
TGCGTGGCATCCTAGA-1,1
TGCGTGGGTAATTGGA-1,1
TGCGTGGGTTTGTTTC-1,1
TGCGTGGTCGAATGGG-1,1
TGCGTGGTCGTTGACA-1,1
TGCTACCAGATATACG-1,1
TGCTACCAGTTGAGTA-1,1
TGCTACCCAGTATGCT-1,1
TGCTACCCATACGCCG-1,1
TGCTACCGTATCGCAT-1,0
TGCTACCGTGTGGTTT-1,0
TGCTACCGTTAGGGTG-1,1
TGCTACCTCACGCGGT-1,1
TGCTACCTCGCATGAT-1,1
TGCTGCTAGGATTCGG-1,1
TGCTGCTAGTGGTAAT-1,1
TGCTGCTCACGGATAG-1,1
TGCTGCTCATGAAGTA-1,1
TGCTGCTGTGTGAATA-1,1
TGCTGCTGTTTGACTG-1,1
TGCTGCTTCCCTAATT-1,1
TGCTGCTTCGTACGGC-1,1
TGGACGCAGAAGAAGC-1,1
TGGACGCAGATGTCGG-1,1
TGGACGCAGGATGGAA-1,1
TGGACGCAGGCTATCT-1,1
TGGACGCAGTACGCGA-1,0
TGGACGCCACCAGGTC-1,1
TGGACGCCAGCTATTG-1,1
TGGCCAGAGCGTTCCG-1,1
TGGCCAGCACCTATCC-1,1
TGGCCAGCACGAGGTA-1,1
TGGCCAGGTAGCGTAG-1,1
TGGCCAGGTGGGTCAA-1,0
TGGCCAGTCACGCATA-1,0
TGGCCAGTCAGCAACT-1,1
TGGCCAGTCGTTACAG-1,1
TGGCGCAAGGCGCTCT-1,1
TGGCGCACAAGCTGTT-1,1
TGGCGCACAGATGGGT-1,1
TGGCGCAGTAAGTGGC-1,0
TGGCGCAGTATAGGTA-1,0
TGGCGCATCCACTGGG-1,1
TGGCTGGAGGAATTAC-1,1
TGGCTGGCAATCAGAA-1,1
TGGCTGGGTAAGTAGT-1,1
TGGCTGGTCGGCGCAT-1,0
TGGCTGGTCGTCCAGG-1,1
TGGGAAGAGCGTTGCC-1,1
TGGGAAGAGGAGTTTA-1,1
TGGGAAGAGGGTTCCC-1,1
TGGGAAGAGTGCGTGA-1,1
TGGGAAGCAGCTGTAT-1,1
TGGGAAGCAGGCTCAC-1,1
TGGGAAGCAGTAAGCG-1,1
TGGGAAGGTCGGCACT-1,0
TGGGAAGGTTCGCGAC-1,1
TGGGAAGTCAATCTCT-1,1
TGGGCGTCACATTAGC-1,0
TGGGCGTTCCATGAAC-1,1
TGGGCGTTCTGCGGCA-1,1
TGGGCGTTCTTTCCTC-1,1
TGGTTAGAGCGTCAAG-1,1
TGGTTAGAGTAGGTGC-1,0
TGGTTAGCACCAGTTA-1,1
TGGTTAGGTCAGCTAT-1,1
TGGTTAGGTCCCTACT-1,1
TGGTTAGGTCCGTGAC-1,1
TGGTTCCAGAGTAAGG-1,1
TGGTTCCAGTGCCAGA-1,0
TGGTTCCGTCGATTGT-1,1
TGGTTCCTCTCCAACC-1,1
TGGTTCCTCTCTGTCG-1,0
TGTATTCCACCAGGCT-1,1
TGTATTCCATTCACTT-1,0
TGTATTCGTACACCGC-1,1
TGTATTCGTAGTACCT-1,1
TGTATTCGTCTTGCGG-1,1
TGTATTCGTGTATGGG-1,1
TGTATTCTCCACGTTC-1,1
TGTCCCACAACGATGG-1,0
TGTCCCATCGGAGGTA-1,0
TGTCCCATCTTTAGGG-1,1
TGTGGTAAGATAGCAT-1,1
TGTGGTACACGTCTCT-1,1
TGTGGTACACTTCTGC-1,1
TGTGGTACAGGCAGTA-1,1
TGTGGTAGTGTTTGGT-1,1
TGTGGTATCGGTCTAA-1,0
TGTGTTTAGGTGTTAA-1,1
TGTGTTTCACAACGCC-1,1
TGTGTTTCACATTAGC-1,1
TGTGTTTTCTTGAGAC-1,1
TGTTCCGCACGGCGTT-1,1
TGTTCCGCAGGCGATA-1,1
TGTTCCGGTACATCCA-1,1
TGTTCCGGTCCAGTAT-1,1
TGTTCCGGTCGGCATC-1,0
TGTTCCGGTGTTGAGG-1,1
TGTTCCGTCTTGTATC-1,1
TTAACTCAGATCCTGT-1,0
TTAACTCGTCGGATCC-1,1
TTAACTCGTGTATGGG-1,1
TTAGGACAGCGAAGGG-1,0
TTAGGACCAAGCTGAG-1,1
TTAGGACCATGTCCTC-1,1
TTAGGACTCCTAGGGC-1,1
TTAGGACTCTTACCTA-1,1
TTAGGCAAGAAACCAT-1,1
TTAGGCAAGACGCTTT-1,1
TTAGGCAAGCTAAACA-1,1
TTAGGCAAGTGCCAGA-1,1
TTAGGCAGTAGCTGCC-1,0
TTAGGCAGTGACTACT-1,1
TTAGGCAGTGGCCCTA-1,1
TTAGGCATCCAATGGT-1,1
TTAGGCATCTCCGGTT-1,1
TTAGGCATCTGTCCGT-1,1
TTAGTTCCAACACCTA-1,1
TTAGTTCGTCCTCTTG-1,1
TTAGTTCGTCGAACAG-1,1
TTAGTTCGTCTCTCGT-1,1
TTAGTTCGTCTTCAAG-1,1
TTAGTTCGTGCGGTAA-1,1
TTAGTTCTCCTCCTAG-1,0
TTAGTTCTCGGTTAAC-1,1
TTATGCTAGCTGCCCA-1,1
TTATGCTGTCTCATCC-1,1
TTATGCTGTGCGATAG-1,1
TTATGCTGTTCTGTTT-1,1
TTCCCAGAGGCCATAG-1,1
TTCCCAGAGTGCCAGA-1,1
TTCCCAGCACGGTAGA-1,1
TTCCCAGCACTTACGA-1,1
TTCCCAGCATGGATGG-1,1
TTCCCAGGTACATGTC-1,1
TTCCCAGGTCCAACTA-1,1
TTCCCAGGTGGTAACG-1,0
TTCCCAGTCTATGTGG-1,1
TTCGAAGAGTACTTGC-1,1
TTCGAAGCAGGCTCAC-1,1
TTCGAAGGTTGGGACA-1,1
TTCGAAGTCACCAGGC-1,1
TTCGGTCAGCCAGTAG-1,1
TTCGGTCAGGACATTA-1,0
TTCGGTCAGGCAGTCA-1,1
TTCGGTCGTTATCACG-1,0
TTCGGTCTCTACCAGA-1,1
TTCTACAAGACACTAA-1,1
TTCTACAAGACGACGT-1,1
TTCTACAAGATCCCAT-1,1
TTCTACAAGCCACGTC-1,1
TTCTACAAGCGCCTCA-1,1
TTCTACAAGGCGCTCT-1,1
TTCTACAAGTAGATGT-1,0
TTCTACAAGTCCCACG-1,1
TTCTACACACCACGTG-1,1
TTCTACACATCACGAT-1,1
TTCTACAGTTCGGCAC-1,1
TTCTCAAAGGACACCA-1,1
TTCTCAACAATCTACG-1,0
TTCTCAAGTAAACCTC-1,1
TTCTCAAGTCTCTTTA-1,1
TTCTCAAGTCTTCAAG-1,1
TTCTCAAGTTTGTGTG-1,1
TTCTCAATCGCATGGC-1,1
TTCTCCTAGAACTCGG-1,0
TTCTCCTAGCCGTCGT-1,1
TTCTCCTAGCCTTGAT-1,1
TTCTCCTCAAGCGATG-1,1
TTCTCCTCATACGCTA-1,1
TTCTCCTGTACTTGAC-1,1
TTCTCCTGTATGAAAC-1,1
TTCTCCTGTTGAACTC-1,0
TTCTTAGGTCCGTGAC-1,1
TTCTTAGGTCGATTGT-1,1
TTCTTAGGTTATTCTC-1,1
TTCTTAGGTTGTACAC-1,1
TTCTTAGTCTTCTGGC-1,1
TTGAACGAGACGCTTT-1,1
TTGAACGAGACTAAGT-1,1
TTGAACGAGAGAACAG-1,1
TTGAACGAGCTAGCCC-1,1
TTGAACGCAATAACGA-1,0
TTGAACGCAGCTCGAC-1,1
TTGAACGGTATGGTTC-1,1
TTGAACGTCGTCCAGG-1,0
TTGACTTCACAGGAGT-1,1
TTGACTTCACTTAACG-1,1
TTGACTTCAGACAAAT-1,1
TTGACTTCATATGGTC-1,1
TTGACTTGTAGAAGGA-1,1
TTGCCGTCAATGACCT-1,1
TTGCCGTCATGTCTCC-1,0
TTGCCGTTCCCATTAT-1,1
TTGCGTCAGCTGTCTA-1,0
TTGCGTCAGGTGTTAA-1,1
TTGCGTCAGTGATCGG-1,1
TTGCGTCAGTGTGAAT-1,1
TTGCGTCCAGGACCCT-1,1
TTGCGTCGTAGCTTGT-1,0
TTGCGTCGTTTGCATG-1,1
TTGCGTCTCTACCTGC-1,1
TTGGAACAGACAATAC-1,1
TTGGAACAGATATACG-1,0
TTGGAACAGGAGCGAG-1,0
TTGGAACAGGCCCGTT-1,1
TTGGAACAGTGTTGAA-1,1
TTGGAACCAAACCCAT-1,1
TTGGAACCATGGAATA-1,1
TTGGAACGTATCACCA-1,0
TTGGCAAAGATACACA-1,0
TTGGCAAAGCCGGTAA-1,1
TTGGCAAAGTTAGGTA-1,1
TTGGCAACAAGCGAGT-1,1
TTGGCAACATGAAGTA-1,1
TTGGCAAGTAGAGCTG-1,1
TTGGCAAGTGCAGTAG-1,0
TTGGCAATCACCTCGT-1,1
TTGTAGGAGAGGTAGA-1,1
TTGTAGGAGCTGAAAT-1,1
TTGTAGGCACCGAAAG-1,1
TTGTAGGCAGAGCCAA-1,0
TTGTAGGGTAAATGTG-1,1
TTGTAGGGTGAAGGCT-1,1
TTGTAGGGTGTGGCTC-1,1
TTGTAGGTCCCAAGTA-1,1
TTGTAGGTCTAAGCCA-1,1
TTTACTGCACCTATCC-1,1
TTTACTGCAGCATGAG-1,1
TTTACTGGTAAACCTC-1,0
TTTACTGGTTACGGAG-1,1
TTTACTGGTTCATGGT-1,1
TTTACTGTCAGTCCCT-1,1
TTTACTGTCCCTCTTT-1,1
TTTACTGTCCGTTGCT-1,0
TTTACTGTCGTGACAT-1,1
TTTATGCAGATGCCTT-1,1
TTTATGCCAATCTACG-1,0
TTTATGCCACCAGTTA-1,1
TTTATGCCACCTATCC-1,0
TTTATGCGTCAAGCGA-1,1
TTTATGCGTCAGAAGC-1,1
TTTATGCTCTAACCGA-1,0
TTTATGCTCTGCCAGG-1,1
TTTCCTCAGACAGAGA-1,1
TTTCCTCCAATTCCTT-1,1
TTTCCTCCACAGTCGC-1,1
TTTCCTCCATGGGACA-1,1
TTTCCTCGTGAAGGCT-1,1
TTTGCGCAGACTGGGT-1,1
TTTGCGCAGCGTTGCC-1,1
TTTGCGCAGGCAGTCA-1,1
TTTGCGCAGTGTACCT-1,1
TTTGCGCAGTGTCCCG-1,1
TTTGCGCAGTTAACGA-1,0
TTTGCGCCACATCCGG-1,1
TTTGCGCCACCACCAG-1,1
TTTGCGCGTAGCGTAG-1,1
TTTGCGCTCTTGTATC-1,1
TTTGGTTAGACGCACA-1,1
TTTGGTTAGGGTTTCT-1,1
TTTGGTTCAAACTGCT-1,1
TTTGGTTCAACTTGAC-1,1
TTTGGTTCAGACAAAT-1,0
TTTGGTTGTAAACACA-1,1
TTTGGTTGTGATAAAC-1,1
TTTGGTTGTTCGCTAA-1,1
TTTGGTTGTTGCGTTA-1,0
TTTGGTTTCGCCCTTA-1,0
TTTGGTTTCGGTTAAC-1,1
TTTGGTTTCTGAGGGA-1,1
TTTGTCAAGCAGATCG-1,1
TTTGTCAAGCTCCCAG-1,1
TTTGTCAAGTCCATAC-1,1
TTTGTCACATACTACG-1,1
TTTGTCAGTGATGTCT-1,1
TTTGTCAGTTCACGGC-1,1
TTTGTCATCAGAGGTG-1,1
